transaction_id,account_id,transaction_date,transaction_type,amount,merchant,channel
1,1007,2023-06-21 23:59:44,Transfer,834.66,,POS
2,1053,2023-12-31 23:12:15,POS Purchase,188.61,Car Rental,Branch
3,1020,2023-12-05 14:37:58,Withdrawal,471.35,,Mobile App
4,1029,2023-09-24 21:07:35,Transfer,544.85,,Branch
5,1001,2023-12-28 23:40:08,Payment,791.6,Walmart,Branch
6,1004,2023-08-04 15:45:28,Withdrawal,220.08,,POS
7,1009,2023-07-31 17:06:05,ATM Withdrawal,449.97,,Online
8,1008,2023-07-22 23:05:27,ATM Withdrawal,118.94,,ATM
9,1015,2023-07-10 01:00:44,POS Purchase,764.73,Insurance Co,ATM
10,1029,2023-03-19 04:07:37,Deposit,2563.73,,POS
11,1034,2023-01-11 09:29:37,Transfer,860.7,,POS
12,1012,2023-02-15 10:20:53,POS Purchase,671.33,Electronics Store,Branch
13,1017,2023-08-25 08:15:16,Payment,77.61,Gym Membership,Online
14,1034,2023-06-12 16:53:32,Transfer,1152.91,,Mobile App
15,1048,2023-01-31 01:03:29,Transfer,1756.49,,Branch
16,1004,2023-07-05 21:25:12,Deposit,3721.73,,POS
17,1011,2023-07-17 00:40:04,Payment,777.99,Electronics Store,Branch
18,1053,2023-07-21 03:15:34,POS Purchase,289.57,Local Grocery,Online
19,1016,2023-12-27 10:42:20,Payment,405.47,Target,Branch
20,1013,2023-05-26 11:15:27,Deposit,223.89,,Branch
21,1014,2023-03-16 09:00:24,ATM Withdrawal,104.98,,Branch
22,1044,2023-06-15 04:01:32,Transfer,1504.05,,Online
23,1029,2023-05-01 13:08:15,Deposit,4137.47,,Branch
24,1039,2023-05-21 00:26:59,POS Purchase,220.07,Walmart,ATM
25,1001,2023-01-10 08:02:00,Deposit,2800.14,,Branch
26,1032,2023-03-11 22:39:49,Withdrawal,437.43,,ATM
27,1006,2023-07-12 11:36:09,Transfer,290.09,,Branch
28,1021,2023-12-15 09:58:03,POS Purchase,241.62,Pharmacy,ATM
29,1042,2023-12-31 22:33:25,ATM Withdrawal,384.84,,POS
30,1005,2023-03-16 11:18:10,POS Purchase,141.57,Starbucks,Online
31,1020,2023-07-02 15:17:55,Transfer,1645.11,,Online
32,1029,2023-12-07 21:11:23,Withdrawal,164.14,,Branch
33,1011,2023-01-19 05:44:23,POS Purchase,477.94,Amazon,ATM
34,1045,2023-07-31 15:38:50,Deposit,4833.9,,ATM
35,1042,2023-06-25 20:09:59,Payment,371.2,Walmart,ATM
36,1052,2023-12-22 14:00:10,POS Purchase,292.24,Online Marketplace,Branch
37,1057,2023-03-13 20:53:48,ATM Withdrawal,447.73,,Branch
38,1055,2023-02-18 23:09:26,Deposit,3219.68,,Online
39,1039,2023-05-01 07:56:15,Deposit,2664.9,,Branch
40,1042,2023-01-04 18:22:58,Transfer,2267.09,,ATM
41,1003,2023-10-09 04:10:30,Payment,278.21,Airline Booking,ATM
42,1015,2023-07-04 23:29:21,POS Purchase,377.38,Restaurant,ATM
43,1055,2023-09-02 18:58:00,Withdrawal,41508.92,Hotel Booking,POS
44,1016,2023-06-04 23:19:16,ATM Withdrawal,336.25,,ATM
45,1048,2023-10-08 11:12:46,Transfer,2046.0,,ATM
46,1056,2023-01-02 09:46:05,ATM Withdrawal,195.7,,ATM
47,1016,2023-01-29 13:39:45,ATM Withdrawal,95.21,,Online
48,1053,2023-09-17 18:48:17,Payment,590.45,Pharmacy,Online
49,1035,2023-12-01 10:35:29,Deposit,1279.21,,Online
50,1034,2023-11-10 06:08:35,ATM Withdrawal,408.75,,Online
51,1004,2023-12-07 23:24:53,Transfer,1355.18,,Online
52,1042,2023-08-05 21:53:13,Withdrawal,126.48,,Online
53,1057,2023-12-27 18:17:11,Deposit,1693.1,,ATM
54,1037,2023-02-02 18:28:55,Payment,208.84,Local Grocery,Mobile App
55,1017,2023-12-14 04:40:47,POS Purchase,403.08,Uber,POS
56,1033,2023-09-08 05:16:00,Transfer,708.37,,Branch
57,1049,2023-04-03 19:33:11,Payment,152.49,Netflix,Online
58,1048,2023-07-11 09:39:17,POS Purchase,254.25,Netflix,Mobile App
59,1034,2023-09-20 08:38:38,Withdrawal,472.77,,ATM
60,1043,2023-05-15 06:49:57,Deposit,4783.37,,POS
61,1041,2023-02-05 08:05:13,Deposit,2795.09,,ATM
62,1015,2023-01-17 19:54:53,POS Purchase,343.23,Airline Booking,Online
63,1043,2023-03-25 12:30:44,Withdrawal,402.26,,Branch
64,1042,2023-06-05 10:45:32,Deposit,4425.33,,ATM
65,1008,2023-03-21 23:09:15,ATM Withdrawal,270.65,,Branch
66,1033,2023-07-10 03:30:51,Deposit,872.37,,ATM
67,1039,2023-12-23 04:31:49,Payment,144.09,Online Marketplace,Mobile App
68,1015,2023-01-23 19:22:06,Transfer,2418.91,,Online
69,1007,2023-12-25 00:01:02,Withdrawal,324.26,,Online
70,1041,2023-08-28 05:02:23,Deposit,1658.14,,Branch
71,1029,2023-08-29 15:31:59,Transfer,341.79,,Mobile App
72,1026,2023-08-22 10:30:50,Payment,626.88,Best Buy,ATM
73,1039,2023-06-26 17:52:13,Transfer,399.03,,Branch
74,1026,2023-08-06 04:38:44,Transfer,739.65,,Branch
75,1009,2023-11-08 21:03:50,POS Purchase,728.31,Subscription Service,Mobile App
76,1022,2023-04-09 22:17:52,POS Purchase,352.21,Pharmacy,Branch
77,1017,2023-06-22 21:07:05,POS Purchase,628.25,Walmart,Mobile App
78,1044,2023-04-05 19:34:43,Withdrawal,317.73,,Mobile App
79,1023,2023-04-22 09:48:58,Deposit,2213.8,,Online
80,1023,2023-11-29 15:44:56,Payment,486.69,Uber,Mobile App
81,1053,2023-11-06 14:16:45,Payment,243.05,Hotel Booking,Mobile App
82,1029,2023-02-20 13:58:30,Transfer,2246.94,,Branch
83,1057,2023-02-14 11:56:56,Deposit,3790.65,,Mobile App
84,1020,2023-09-06 04:21:34,Withdrawal,209.06,,Mobile App
85,1045,2023-08-28 00:06:25,Transfer,2193.33,,Branch
86,1006,2023-07-25 08:00:03,ATM Withdrawal,448.48,,POS
87,1049,2023-07-08 16:52:37,POS Purchase,481.98,Local Grocery,Mobile App
88,1043,2023-06-18 11:14:38,ATM Withdrawal,133.67,,Mobile App
89,1009,2023-11-12 04:40:43,ATM Withdrawal,440.63,,Online
90,1039,2023-01-13 23:53:41,Transfer,1562.99,,ATM
91,1014,2023-10-10 09:40:40,Withdrawal,129.27,,Mobile App
92,1004,2023-02-02 19:21:23,Transfer,2863.6,,Online
93,1033,2023-06-11 13:51:00,Transfer,2500.6,,POS
94,1004,2023-05-07 05:15:15,Withdrawal,455.63,,Branch
95,1040,2023-03-07 11:44:52,Payment,412.71,Subscription Service,Branch
96,1016,2023-04-04 08:38:23,ATM Withdrawal,105.17,,Branch
97,1040,2023-09-15 22:46:07,POS Purchase,187.0,Electronics Store,Branch
98,1051,2023-05-04 15:05:00,POS Purchase,40.6,Insurance Co,Branch
99,1025,2023-09-28 09:49:04,Deposit,3156.33,,Mobile App
100,1017,2023-03-13 18:16:03,POS Purchase,146.85,Hotel Booking,ATM
101,1053,2023-09-18 18:50:58,Deposit,3799.7,,POS
102,1050,2023-08-27 19:23:47,Deposit,1417.54,,POS
103,1049,2023-11-28 19:05:51,POS Purchase,359.05,Hotel Booking,POS
104,1030,2023-04-12 13:05:34,ATM Withdrawal,194.88,,Branch
105,1046,2023-05-28 03:16:08,POS Purchase,28.14,Target,Mobile App
106,1051,2023-05-30 09:42:26,Transfer,2677.95,,Online
107,1052,2023-05-07 10:43:00,Transfer,2503.34,,Branch
108,1010,2023-10-13 11:55:45,Payment,392.03,Starbucks,POS
109,1013,2023-05-04 22:08:05,Withdrawal,420.8,,Branch
110,1049,2023-04-07 14:35:14,POS Purchase,92.92,Online Marketplace,Online
111,1011,2023-04-11 19:05:53,Deposit,3681.16,,ATM
112,1020,2023-07-02 04:30:17,Withdrawal,163.93,,POS
113,1036,2023-01-27 10:19:34,Withdrawal,292.03,,POS
114,1024,2023-11-18 20:51:32,Deposit,3465.88,,Online
115,1054,2023-09-06 10:48:48,Payment,500.71,Walmart,POS
116,1006,2023-04-01 19:47:03,Transfer,798.27,,POS
117,1026,2023-08-10 05:24:40,ATM Withdrawal,220.07,,ATM
118,1032,2023-10-09 17:08:45,Payment,587.51,Uber,Branch
119,1003,2023-03-03 05:41:10,Deposit,4539.2,,Mobile App
120,1046,2023-07-14 02:44:00,POS Purchase,217.47,Electronics Store,POS
121,1045,2023-07-31 22:17:46,Transfer,2996.76,,ATM
122,1028,2023-06-20 15:37:59,POS Purchase,133.21,Pharmacy,Branch
123,1023,2023-11-09 18:41:13,ATM Withdrawal,58.31,,Online
124,1022,2023-10-14 22:53:18,ATM Withdrawal,31.0,,POS
125,1009,2023-10-07 18:03:25,Transfer,186.87,,Mobile App
126,1050,2023-06-15 18:10:47,POS Purchase,538.04,Pharmacy,POS
127,1012,2023-12-13 23:59:09,Payment,272.93,Restaurant,Branch
128,1029,2023-06-29 22:37:34,Withdrawal,117.31,,Branch
129,1007,2023-01-23 01:34:01,Payment,152.6,Shell Gas Station,Online
130,1049,2023-09-29 13:02:18,Payment,612.73,Online Marketplace,POS
131,1013,2023-11-30 02:07:27,Transfer,1192.72,,Mobile App
132,1008,2023-11-25 17:46:14,Withdrawal,326.62,,Mobile App
133,1023,2023-10-03 03:29:10,Withdrawal,331.97,,POS
134,1015,2023-04-21 09:57:08,POS Purchase,501.57,Best Buy,Branch
135,1004,2023-03-23 07:26:04,ATM Withdrawal,285.25,,ATM
136,1027,2023-02-07 11:44:24,Deposit,1835.05,,Mobile App
137,1011,2023-04-26 04:26:25,Payment,508.4,Walmart,Online
138,1024,2023-10-19 21:14:55,Withdrawal,149.09,,Mobile App
139,1004,2023-04-17 12:22:49,Transfer,1325.73,,Online
140,1041,2023-09-21 16:30:08,POS Purchase,760.97,Utility Company,POS
141,1010,2023-07-05 18:36:22,Payment,624.81,Netflix,Branch
142,1045,2023-11-17 17:05:23,Transfer,2348.04,,ATM
143,1011,2023-10-16 10:52:25,POS Purchase,47.57,Online Marketplace,Branch
144,1028,2023-04-12 19:22:43,Withdrawal,489.92,,Mobile App
145,1014,2023-02-27 20:18:57,Deposit,2967.11,,Online
146,1052,2023-11-30 13:59:41,ATM Withdrawal,389.04,,Mobile App
147,1043,2023-08-25 20:59:56,ATM Withdrawal,213.53,,POS
148,1024,2023-12-06 20:45:32,POS Purchase,97.69,Target,Mobile App
149,1049,2023-04-06 13:11:44,ATM Withdrawal,352.3,,Online
150,1039,2023-03-15 17:43:38,Payment,621.57,Shell Gas Station,Online
151,1029,2023-01-15 10:13:29,Deposit,2330.72,,ATM
152,1022,2023-09-30 10:42:16,Deposit,2920.46,,Mobile App
153,1026,2023-10-21 03:38:37,POS Purchase,59.41,Insurance Co,Mobile App
154,1025,2023-11-25 06:40:15,ATM Withdrawal,389.1,,ATM
155,1057,2023-03-01 23:32:56,Transfer,2777.66,,Online
156,1046,2023-10-07 05:12:45,ATM Withdrawal,487.42,,ATM
157,1015,2023-07-21 07:55:39,POS Purchase,65.33,Electronics Store,POS
158,1011,2023-04-25 19:11:10,Deposit,2821.27,,Online
159,1020,2023-11-20 07:15:12,POS Purchase,369.03,Target,Mobile App
160,1046,2023-07-14 01:41:00,POS Purchase,698.11,Online Marketplace,POS
161,1013,2023-12-21 16:47:52,Deposit,1658.58,,Online
162,1026,2023-06-04 10:32:46,Withdrawal,381.05,,Online
163,1021,2023-11-08 06:57:14,Transfer,2044.23,,Online
164,1024,2023-02-04 03:45:30,Payment,209.57,Online Marketplace,Online
165,1043,2023-08-26 09:35:06,POS Purchase,795.88,Hotel Booking,Branch
166,1025,2023-02-17 21:30:36,Payment,114.88,Best Buy,POS
167,1018,2023-02-03 14:25:31,Withdrawal,415.84,,Branch
168,1049,2023-04-04 11:47:29,Withdrawal,431.98,,Branch
169,1004,2023-03-24 13:56:06,Deposit,512.0,,Online
170,1028,2023-01-08 14:28:56,Deposit,1751.21,,Mobile App
171,1039,2023-10-01 16:11:33,Withdrawal,64.29,,Branch
172,1024,2023-09-19 10:13:06,Deposit,2395.54,,Mobile App
173,1015,2023-11-14 02:51:51,Deposit,1724.55,,ATM
174,1041,2023-04-09 07:31:34,Transfer,2553.32,,ATM
175,1024,2023-10-03 20:14:49,Payment,533.24,Netflix,ATM
176,1036,2023-01-28 08:06:57,Withdrawal,324.19,,ATM
177,1025,2023-10-05 11:22:45,Payment,255.02,Gym Membership,Online
178,1028,2023-02-11 23:28:41,Transfer,1506.88,,ATM
179,1028,2023-05-18 06:50:42,POS Purchase,657.89,Car Rental,ATM
180,1004,2023-05-31 08:36:17,Transfer,817.99,,Mobile App
181,1030,2023-02-17 15:37:24,Payment,271.74,Walmart,Branch
182,1039,2023-03-01 14:59:41,Transfer,2675.61,,POS
183,1025,2023-06-16 16:15:09,Withdrawal,441.09,,Mobile App
184,1026,2023-01-07 21:26:48,ATM Withdrawal,292.15,,Branch
185,1007,2023-10-03 00:24:54,Payment,597.42,Insurance Co,Online
186,1055,2023-08-04 06:11:07,Payment,198.26,Car Rental,POS
187,1020,2023-06-20 08:01:27,Payment,501.27,Uber,ATM
188,1045,2023-04-14 08:33:57,Withdrawal,150.05,,Mobile App
189,1023,2023-01-29 05:39:18,Payment,208.09,Netflix,ATM
190,1036,2023-12-27 22:33:38,Transfer,468.37,,Online
191,1001,2023-07-15 02:30:17,POS Purchase,526.53,Target,POS
192,1051,2023-07-20 16:42:55,ATM Withdrawal,273.63,,POS
193,1034,2023-08-14 12:48:39,Transfer,1829.72,,Branch
194,1049,2023-01-28 17:42:12,POS Purchase,31.4,Shell Gas Station,POS
195,1014,2023-05-06 21:07:02,Transfer,2747.72,,Online
196,1029,2023-02-14 08:20:57,POS Purchase,556.04,Online Marketplace,Mobile App
197,1044,2023-09-04 09:58:57,POS Purchase,533.33,Car Rental,POS
198,1032,2023-08-14 02:53:52,ATM Withdrawal,134.55,,Branch
199,1011,2023-06-07 06:00:04,ATM Withdrawal,215.9,,Online
200,1020,2023-10-28 19:57:53,Payment,635.39,Amazon,ATM
201,1005,2023-12-11 01:42:53,Transfer,1818.58,,POS
202,1051,2023-09-18 10:59:05,Withdrawal,69.51,,POS
203,1056,2023-04-28 00:19:57,Deposit,3266.0,,Mobile App
204,1001,2023-10-18 04:00:30,Deposit,4865.29,,Online
205,1053,2023-03-31 09:22:59,ATM Withdrawal,441.39,,Online
206,1010,2023-01-31 17:57:01,Deposit,2615.34,,Mobile App
207,1029,2023-11-23 12:54:15,Transfer,148.12,,Mobile App
208,1027,2023-08-10 19:19:10,POS Purchase,523.65,Amazon,Branch
209,1022,2023-10-30 17:38:51,Deposit,4154.22,,Online
210,1051,2023-12-30 18:03:29,POS Purchase,765.41,Insurance Co,Online
211,1052,2023-09-25 03:51:54,Transfer,1447.52,,POS
212,1036,2023-07-10 04:15:44,ATM Withdrawal,439.09,,Branch
213,1043,2023-02-02 14:34:46,Transfer,2813.0,,Online
214,1055,2023-08-25 22:13:40,Transfer,847.89,,POS
215,1057,2023-10-27 02:35:44,POS Purchase,334.61,Hotel Booking,Mobile App
216,1005,2023-11-18 09:41:26,Transfer,1305.93,,ATM
217,1024,2023-02-18 01:27:58,Deposit,4529.43,,Online
218,1039,2023-12-14 22:58:35,Transfer,2851.21,,Online
219,1024,2023-03-18 04:33:08,POS Purchase,260.37,Walmart,Branch
220,1009,2023-09-03 15:27:39,ATM Withdrawal,450.57,,Branch
221,1052,2023-10-30 20:04:49,Withdrawal,409.96,,Branch
222,1056,2023-09-05 04:09:27,Withdrawal,369.12,,Online
223,1030,2023-02-05 04:05:04,Deposit,4953.98,,Online
224,1017,2023-10-09 23:45:17,Payment,340.46,Hotel Booking,Mobile App
225,1024,2023-12-31 12:08:16,Withdrawal,151.47,,Mobile App
226,1005,2023-07-03 03:09:15,ATM Withdrawal,112.45,,POS
227,1015,2023-05-11 03:15:23,POS Purchase,591.11,Restaurant,Mobile App
228,1023,2023-02-04 22:25:19,Deposit,427.87,,Online
229,1052,2023-03-06 02:33:13,ATM Withdrawal,451.96,,Mobile App
230,1048,2023-04-16 04:33:32,Deposit,2217.24,,Online
231,1010,2023-09-28 22:42:00,Transfer,24435.85,Starbucks,ATM
232,1057,2023-09-03 06:19:12,Transfer,2393.87,,ATM
233,1017,2023-09-09 03:48:10,Payment,547.8,Starbucks,Mobile App
234,1037,2023-01-11 14:26:46,Withdrawal,347.54,,Online
235,1053,2023-01-29 18:25:05,Payment,109.23,Uber,Mobile App
236,1035,2023-12-25 15:35:09,Payment,127.73,Hotel Booking,Mobile App
237,1049,2023-01-23 09:11:49,ATM Withdrawal,201.65,,POS
238,1053,2023-04-09 21:12:25,Deposit,2445.06,,ATM
239,1030,2023-09-18 03:07:57,Transfer,1222.56,,POS
240,1028,2023-04-23 01:27:16,Deposit,3628.67,,Online
241,1034,2023-01-18 19:28:42,Transfer,1347.53,,Online
242,1007,2023-09-18 09:04:19,ATM Withdrawal,446.89,,Mobile App
243,1022,2023-10-13 11:40:10,POS Purchase,507.62,Restaurant,ATM
244,1037,2023-08-28 05:10:52,Payment,756.91,Restaurant,Branch
245,1045,2023-02-10 15:23:16,Withdrawal,80.66,,Branch
246,1024,2023-12-11 06:39:57,Withdrawal,245.81,,ATM
247,1052,2023-10-20 05:25:54,Transfer,2278.99,,POS
248,1042,2023-06-15 05:40:55,POS Purchase,703.81,Gym Membership,Branch
249,1001,2023-12-04 16:04:47,ATM Withdrawal,408.43,,ATM
250,1008,2023-12-22 05:31:37,Transfer,1569.66,,POS
251,1051,2023-01-15 07:08:45,Transfer,2557.89,,POS
252,1053,2023-02-20 11:39:53,Deposit,2294.58,,Online
253,1044,2023-01-02 08:43:15,Transfer,826.54,,ATM
254,1008,2023-04-18 21:11:25,POS Purchase,611.35,Uber,POS
255,1001,2023-01-03 02:16:52,Deposit,2975.32,,Mobile App
256,1055,2023-07-21 12:39:41,Payment,127.8,Target,POS
257,1023,2023-07-20 18:50:47,Withdrawal,375.97,,Online
258,1023,2023-09-10 19:36:21,Withdrawal,56.0,,Online
259,1012,2023-09-26 07:06:26,Transfer,1963.18,,POS
260,1015,2023-10-16 21:22:36,Withdrawal,280.51,,POS
261,1057,2023-11-02 05:00:52,POS Purchase,131.62,Car Rental,Branch
262,1018,2023-06-15 01:17:14,Payment,236.77,Best Buy,POS
263,1039,2023-03-12 06:23:07,ATM Withdrawal,77.39,,Branch
264,1037,2023-09-04 12:53:53,Transfer,414.36,,Online
265,1055,2023-06-14 17:46:36,Deposit,1776.19,,POS
266,1004,2023-01-02 02:17:05,Transfer,2661.26,,POS
267,1056,2023-05-28 11:58:21,Withdrawal,426.96,,Online
268,1046,2023-07-14 01:12:00,POS Purchase,516.93,Hotel Booking,POS
269,1023,2023-04-01 19:28:39,ATM Withdrawal,475.08,,ATM
270,1026,2023-03-08 23:12:58,Payment,90.07,Online Marketplace,ATM
271,1039,2023-12-24 01:32:06,Payment,763.21,Walmart,Mobile App
272,1024,2023-07-09 11:10:33,ATM Withdrawal,139.18,,Branch
273,1014,2023-05-07 12:38:32,Withdrawal,380.33,,POS
274,1023,2023-12-19 08:58:49,Payment,146.42,Uber,ATM
275,1024,2023-01-07 11:30:14,Deposit,2607.1,,Mobile App
276,1022,2023-02-23 01:47:11,ATM Withdrawal,451.51,,Mobile App
277,1043,2023-05-02 17:45:33,ATM Withdrawal,305.27,,ATM
278,1026,2023-04-17 16:01:57,POS Purchase,681.67,Best Buy,POS
279,1034,2023-01-25 18:47:06,POS Purchase,755.92,Utility Company,ATM
280,1035,2023-12-05 21:11:10,Deposit,2883.16,,Branch
281,1014,2023-04-04 09:07:17,POS Purchase,588.57,Walmart,Mobile App
282,1030,2023-03-09 02:34:46,Payment,692.45,Netflix,ATM
283,1055,2023-03-19 02:36:47,Transfer,417.87,,POS
284,1013,2023-03-30 10:00:57,Payment,246.42,Subscription Service,ATM
285,1030,2023-05-17 21:42:21,Withdrawal,219.96,,Mobile App
286,1029,2023-04-25 03:13:59,Deposit,4414.37,,POS
287,1042,2023-08-12 04:43:39,Payment,107.73,Subscription Service,POS
288,1043,2023-06-24 23:30:42,Transfer,1698.8,,Branch
289,1048,2023-10-13 20:46:41,POS Purchase,64.06,Starbucks,Branch
290,1016,2023-06-19 07:47:39,Transfer,1458.8,,Online
291,1048,2023-07-26 16:54:17,Deposit,1032.92,,Branch
292,1032,2023-12-07 17:28:23,Payment,210.4,Shell Gas Station,Mobile App
293,1008,2023-06-05 23:25:33,Withdrawal,481.21,,Mobile App
294,1020,2023-11-14 17:32:15,Deposit,4722.23,,Mobile App
295,1001,2023-03-18 09:46:39,ATM Withdrawal,415.93,,POS
296,1020,2023-08-04 00:53:41,Payment,246.19,Local Grocery,Online
297,1043,2023-02-07 23:15:42,Transfer,297.68,,Mobile App
298,1035,2023-11-16 21:27:12,Transfer,1707.19,,ATM
299,1046,2023-05-05 19:31:07,Withdrawal,82.24,,POS
300,1029,2023-12-01 14:30:52,POS Purchase,769.79,Local Grocery,Branch
301,1052,2023-03-27 22:38:31,ATM Withdrawal,425.07,,Online
302,1003,2023-04-29 15:57:56,Payment,318.29,Shell Gas Station,Online
303,1004,2023-04-10 02:23:32,Withdrawal,144.78,,Online
304,1015,2023-11-14 20:43:38,Payment,675.15,Shell Gas Station,Mobile App
305,1027,2023-07-29 11:39:27,Transfer,1923.23,,Mobile App
306,1009,2023-03-13 09:35:45,Transfer,595.09,,Online
307,1045,2023-06-15 16:24:50,Withdrawal,154.15,,Mobile App
308,1037,2023-11-03 06:31:02,Payment,618.1,Best Buy,ATM
309,1030,2023-01-17 13:38:33,ATM Withdrawal,166.65,,Branch
310,1035,2023-11-25 05:45:41,Deposit,4025.24,,Branch
311,1035,2023-11-27 10:55:06,POS Purchase,128.05,Hotel Booking,Branch
312,1003,2023-11-27 22:19:08,ATM Withdrawal,325.42,,Online
313,1048,2023-09-20 08:01:13,Withdrawal,444.23,,Branch
314,1048,2023-08-08 18:37:56,Transfer,1972.67,,Online
315,1047,2023-12-01 11:10:31,Withdrawal,406.27,,Branch
316,1011,2023-07-22 01:49:23,Transfer,2523.78,,Mobile App
317,1025,2023-04-24 20:13:56,Transfer,1554.16,,Mobile App
318,1025,2023-09-05 02:16:51,ATM Withdrawal,235.82,,Mobile App
319,1017,2023-09-23 07:52:40,ATM Withdrawal,190.5,,Online
320,1017,2023-09-13 01:49:49,Payment,149.93,Netflix,ATM
321,1029,2023-12-30 18:04:26,Deposit,447.48,,POS
322,1016,2023-06-13 05:17:57,Transfer,2287.55,,ATM
323,1011,2023-05-14 15:06:20,Payment,723.02,Uber,Branch
324,1007,2023-02-23 00:39:35,ATM Withdrawal,88.29,,Branch
325,1025,2023-03-09 23:21:21,POS Purchase,395.97,Best Buy,POS
326,1039,2023-04-07 23:04:42,Deposit,4244.91,,Online
327,1008,2023-03-06 17:38:48,ATM Withdrawal,330.22,,ATM
328,1057,2023-02-24 10:54:00,Withdrawal,27458.78,Utility Company,Online
329,1037,2023-04-17 23:40:22,POS Purchase,609.69,Car Rental,ATM
330,1032,2023-07-15 22:34:29,Payment,629.92,Insurance Co,Branch
331,1026,2023-02-05 21:49:21,Payment,418.25,Netflix,Mobile App
332,1020,2023-11-30 22:36:13,ATM Withdrawal,61.78,,Branch
333,1022,2023-10-01 02:54:20,Transfer,2661.68,,Mobile App
334,1001,2023-01-02 14:51:04,ATM Withdrawal,450.97,,Online
335,1009,2023-12-19 19:50:05,ATM Withdrawal,283.28,,ATM
336,1051,2023-09-22 00:50:02,ATM Withdrawal,377.23,,Mobile App
337,1026,2023-10-04 22:21:42,Deposit,4234.93,,ATM
338,1051,2023-05-11 14:52:09,Deposit,3022.82,,Mobile App
339,1031,2023-05-02 06:28:19,Payment,732.54,Amazon,Branch
340,1007,2023-03-23 23:58:20,Withdrawal,177.71,,Branch
341,1030,2023-12-10 01:28:32,Withdrawal,309.94,,Branch
342,1056,2023-09-11 10:30:36,Payment,545.07,Gym Membership,ATM
343,1057,2023-02-16 12:33:12,ATM Withdrawal,253.93,,Online
344,1057,2023-10-24 15:46:06,Withdrawal,173.68,,ATM
345,1010,2023-05-26 22:00:20,Transfer,513.98,,Online
346,1001,2023-12-03 22:50:56,POS Purchase,314.67,Electronics Store,Mobile App
347,1051,2023-12-17 14:18:18,Transfer,1927.67,,POS
348,1008,2023-10-17 06:45:55,Deposit,1506.84,,Mobile App
349,1046,2023-11-22 17:03:21,Transfer,2386.13,,Mobile App
350,1011,2023-09-23 11:21:18,ATM Withdrawal,256.65,,Online
351,1051,2023-03-07 08:32:59,Payment,300.53,Insurance Co,POS
352,1039,2023-09-05 21:44:56,ATM Withdrawal,215.82,,Branch
353,1012,2023-11-28 10:00:50,ATM Withdrawal,259.78,,Mobile App
354,1024,2023-09-07 03:07:29,POS Purchase,570.66,Starbucks,Mobile App
355,1040,2023-10-21 10:05:28,POS Purchase,651.63,Shell Gas Station,POS
356,1012,2023-09-19 04:56:18,Payment,463.99,Local Grocery,Branch
357,1015,2023-05-09 17:44:48,Transfer,90.71,,ATM
358,1028,2023-10-07 15:17:54,Deposit,4160.35,,Online
359,1008,2023-05-14 00:22:16,Transfer,2291.56,,ATM
360,1044,2023-01-03 16:26:54,Deposit,2449.87,,Online
361,1003,2023-02-17 08:57:15,Payment,322.81,Insurance Co,Mobile App
362,1004,2023-07-06 23:57:30,Deposit,1315.26,,Mobile App
363,1050,2023-02-06 08:15:02,POS Purchase,550.85,Insurance Co,Mobile App
364,1014,2023-12-01 07:05:08,ATM Withdrawal,391.73,,Branch
365,1021,2023-04-06 22:55:09,POS Purchase,589.85,Utility Company,ATM
366,1003,2023-02-25 07:09:09,POS Purchase,777.65,Uber,Mobile App
367,1034,2023-11-23 02:52:05,POS Purchase,159.61,Online Marketplace,Online
368,1016,2023-11-03 12:16:29,Deposit,1652.77,,ATM
369,1011,2023-08-17 16:01:33,POS Purchase,111.83,Target,Online
370,1035,2023-12-27 17:11:53,Transfer,839.61,,Mobile App
371,1054,2023-03-11 13:23:03,POS Purchase,209.62,Car Rental,Branch
372,1046,2023-07-14 03:07:00,POS Purchase,115.44,Insurance Co,POS
373,1011,2023-07-30 07:09:01,Transfer,924.83,,Branch
374,1020,2023-12-14 11:50:26,Deposit,4859.63,,POS
375,1048,2023-04-10 01:14:13,ATM Withdrawal,265.24,,POS
376,1045,2023-09-14 00:41:30,Withdrawal,167.97,,Online
377,1032,2023-11-16 01:37:59,ATM Withdrawal,369.48,,ATM
378,1057,2023-05-03 20:40:43,Withdrawal,288.91,,ATM
379,1011,2023-11-22 12:44:26,POS Purchase,672.58,Online Marketplace,Online
380,1049,2023-01-20 13:44:32,POS Purchase,39.45,Car Rental,ATM
381,1048,2023-05-09 02:51:04,ATM Withdrawal,435.97,,POS
382,1046,2023-07-14 04:22:00,POS Purchase,816.86,Amazon,POS
383,1057,2023-01-30 00:09:54,Payment,761.86,Insurance Co,Branch
384,1003,2023-07-19 18:04:23,Payment,605.75,Walmart,ATM
385,1050,2023-03-21 08:58:37,ATM Withdrawal,118.96,,Branch
386,1055,2023-12-28 23:20:24,Transfer,2715.23,,ATM
387,1049,2023-01-11 16:17:04,POS Purchase,646.59,Local Grocery,Mobile App
388,1008,2023-09-05 14:01:39,Payment,417.01,Shell Gas Station,ATM
389,1004,2023-01-06 10:26:43,Transfer,970.98,,Branch
390,1048,2023-03-11 11:45:12,POS Purchase,376.25,Hotel Booking,Branch
391,1031,2023-08-29 22:30:29,Deposit,1963.55,,Branch
392,1035,2023-10-09 07:25:16,Withdrawal,67.78,,Mobile App
393,1043,2023-06-27 13:01:18,Transfer,195.55,,Online
394,1054,2023-08-03 14:39:07,Withdrawal,154.27,,Branch
395,1021,2023-07-21 09:31:20,POS Purchase,633.64,Subscription Service,Branch
396,1037,2023-11-23 15:19:24,POS Purchase,737.68,Uber,Mobile App
397,1031,2023-10-20 10:33:41,POS Purchase,76.56,Insurance Co,Online
398,1027,2023-05-27 03:08:57,Deposit,4052.11,,Mobile App
399,1057,2023-11-25 16:28:46,ATM Withdrawal,489.35,,ATM
400,1003,2023-07-30 14:39:48,Withdrawal,157.38,,Online
401,1057,2023-02-03 08:59:09,ATM Withdrawal,213.19,,Online
402,1018,2023-02-15 06:36:29,Deposit,1079.2,,ATM
403,1054,2023-09-07 13:21:00,ATM Withdrawal,271.2,,ATM
404,1041,2023-05-12 03:25:41,Transfer,1681.42,,Online
405,1057,2023-06-14 06:34:55,POS Purchase,74.93,Uber,ATM
406,1039,2023-01-04 15:36:48,Payment,460.2,Netflix,ATM
407,1039,2023-09-22 23:02:21,Payment,734.8,Local Grocery,POS
408,1008,2023-01-07 12:54:50,Payment,556.28,Online Marketplace,ATM
409,1014,2023-04-01 00:23:43,ATM Withdrawal,450.53,,Online
410,1018,2023-04-03 13:54:40,Deposit,4326.89,,Online
411,1009,2023-05-31 20:35:45,Payment,371.16,Local Grocery,Online
412,1012,2023-05-18 20:45:40,ATM Withdrawal,438.0,,Online
413,1020,2023-11-29 13:02:05,Withdrawal,265.47,,Branch
414,1009,2023-02-18 16:30:31,Withdrawal,364.73,,Branch
415,1041,2023-11-03 07:18:52,Transfer,2047.6,,Online
416,1049,2023-01-06 10:46:54,ATM Withdrawal,196.04,,POS
417,1055,2023-11-01 16:54:49,Withdrawal,171.05,,Online
418,1023,2023-07-20 07:21:16,Deposit,4344.59,,ATM
419,1031,2023-02-28 11:42:34,ATM Withdrawal,177.65,,Online
420,1006,2023-02-03 19:46:44,Deposit,4910.47,,Mobile App
421,1025,2023-07-09 23:45:23,Payment,532.35,Restaurant,Branch
422,1015,2023-01-04 10:37:30,Transfer,783.78,,POS
423,1049,2023-01-22 06:53:30,Deposit,2089.82,,Online
424,1015,2023-06-08 23:39:20,Payment,151.71,Restaurant,ATM
425,1016,2023-08-28 11:49:44,Payment,578.36,Starbucks,Mobile App
426,1009,2023-03-07 18:40:05,Deposit,2816.04,,Mobile App
427,1001,2023-10-07 12:32:19,ATM Withdrawal,130.19,,Branch
428,1042,2023-10-14 14:37:19,POS Purchase,484.19,Restaurant,Mobile App
429,1020,2023-12-29 01:47:29,ATM Withdrawal,228.95,,POS
430,1043,2023-04-14 11:26:20,Withdrawal,317.58,,POS
431,1024,2023-03-09 02:51:28,ATM Withdrawal,118.56,,ATM
432,1020,2023-08-03 14:15:10,POS Purchase,430.7,Online Marketplace,ATM
433,1050,2023-06-30 20:15:59,ATM Withdrawal,304.41,,POS
434,1037,2023-05-25 09:47:07,Withdrawal,233.28,,Branch
435,1057,2023-01-05 16:26:39,POS Purchase,328.82,Target,Mobile App
436,1054,2023-04-09 10:44:54,Withdrawal,401.37,,Mobile App
437,1026,2023-01-07 21:14:13,Withdrawal,194.37,,Online
438,1016,2023-06-28 04:08:13,Deposit,3389.84,,Mobile App
439,1030,2023-06-06 13:20:59,Deposit,2201.33,,Branch
440,1043,2023-01-13 12:33:53,Payment,598.15,Restaurant,Online
441,1043,2023-05-23 13:31:00,Payment,30107.87,Walmart,ATM
442,1012,2023-05-18 02:29:37,POS Purchase,745.88,Insurance Co,Online
443,1003,2023-07-08 08:51:36,Withdrawal,379.84,,Mobile App
444,1025,2023-06-04 20:16:10,Deposit,4263.3,,POS
445,1035,2023-11-26 10:19:38,Transfer,2676.29,,Branch
446,1025,2023-01-24 06:57:00,POS Purchase,430.21,Hotel Booking,ATM
447,1016,2023-03-21 06:09:33,Deposit,1872.46,,ATM
448,1004,2023-07-11 01:56:18,Withdrawal,111.0,,POS
449,1026,2023-08-31 07:11:38,Transfer,1209.94,,Branch
450,1023,2023-04-03 01:09:30,Deposit,380.46,,ATM
451,1046,2023-07-14 02:04:00,POS Purchase,738.5,Pharmacy,POS
452,1018,2023-01-26 20:09:20,Transfer,2947.58,,Branch
453,1011,2023-01-07 14:45:58,Withdrawal,95.34,,Branch
454,1020,2023-07-27 23:37:34,ATM Withdrawal,75.6,,ATM
455,1048,2023-07-06 16:30:00,Withdrawal,119.66,,ATM
456,1048,2023-02-27 15:09:22,Withdrawal,445.41,,ATM
457,1030,2023-04-12 02:16:05,Transfer,1049.51,,Online
458,1010,2023-07-19 03:23:30,Payment,139.02,Target,Branch
459,1020,2023-06-25 10:22:28,Payment,201.68,Restaurant,Branch
460,1030,2023-05-03 01:14:37,ATM Withdrawal,101.86,,ATM
461,1009,2023-06-09 09:46:38,Withdrawal,420.76,,POS
462,1012,2023-01-30 00:10:35,Deposit,1805.18,,Online
463,1018,2023-11-09 14:25:59,ATM Withdrawal,441.47,,Online
464,1048,2023-03-21 15:59:33,ATM Withdrawal,108.99,,ATM
465,1051,2023-01-22 19:51:31,Withdrawal,163.93,,Mobile App
466,1012,2023-11-10 15:30:52,Transfer,1034.32,,Branch
467,1046,2023-07-21 00:20:22,Withdrawal,29.34,,POS
468,1044,2023-12-26 09:33:00,Withdrawal,218.45,,Mobile App
469,1037,2023-12-05 21:29:40,Payment,295.63,Uber,Branch
470,1020,2023-10-04 03:05:42,POS Purchase,178.01,Target,POS
471,1036,2023-02-20 12:42:06,Payment,586.54,Online Marketplace,POS
472,1020,2023-09-23 02:18:31,Transfer,2355.3,,Online
473,1028,2023-12-19 12:10:44,ATM Withdrawal,404.99,,POS
474,1039,2023-08-14 03:07:46,ATM Withdrawal,331.09,,POS
475,1055,2023-06-15 22:20:33,Withdrawal,318.92,,Online
476,1043,2023-10-23 17:59:45,Payment,702.25,Local Grocery,Online
477,1008,2023-04-11 12:09:09,Transfer,1333.02,,Branch
478,1009,2023-06-13 00:27:36,ATM Withdrawal,458.64,,Mobile App
479,1055,2023-07-02 16:38:10,POS Purchase,702.11,Walmart,Mobile App
480,1005,2023-12-19 05:40:50,Withdrawal,315.07,,Branch
481,1024,2023-12-03 20:11:44,Withdrawal,240.07,,Online
482,1036,2023-01-16 20:10:51,Transfer,1174.59,,Branch
483,1003,2023-11-04 00:00:34,Transfer,871.88,,ATM
484,1021,2023-11-07 23:29:02,Transfer,70.86,,ATM
485,1025,2023-06-23 22:45:43,ATM Withdrawal,168.65,,ATM
486,1004,2023-01-29 00:12:31,ATM Withdrawal,58.92,,Branch
487,1045,2023-07-18 16:22:06,ATM Withdrawal,413.56,,Branch
488,1028,2023-03-18 13:48:05,POS Purchase,334.4,Airline Booking,POS
489,1043,2023-10-02 03:43:40,Deposit,4598.88,,Online
490,1014,2023-11-25 11:44:19,Withdrawal,88.11,,POS
491,1015,2023-01-18 21:15:16,Transfer,1367.97,,POS
492,1057,2023-11-01 01:18:23,Payment,98.9,Electronics Store,POS
493,1049,2023-02-08 16:45:42,Withdrawal,422.41,,Branch
494,1017,2023-10-25 12:23:02,ATM Withdrawal,485.5,,Mobile App
495,1014,2023-12-10 15:15:45,Withdrawal,351.93,,Branch
496,1027,2023-06-21 11:45:44,Payment,518.17,Insurance Co,POS
497,1009,2023-12-16 19:56:00,Transfer,31945.29,Walmart,Online
498,1027,2023-09-23 06:30:37,POS Purchase,120.0,Shell Gas Station,Branch
499,1037,2023-12-23 12:05:55,Deposit,3786.24,,POS
500,1049,2023-10-26 14:59:25,Transfer,1980.99,,POS
501,1056,2023-03-08 11:14:24,Withdrawal,423.21,,POS
502,1025,2023-10-14 01:48:09,ATM Withdrawal,161.67,,Online
503,1001,2023-01-12 09:19:40,Withdrawal,479.67,,Branch
504,1055,2023-12-19 10:41:09,Withdrawal,85.34,,POS
505,1029,2023-10-29 10:10:21,Deposit,4802.91,,Branch
506,1020,2023-07-10 18:51:20,ATM Withdrawal,93.91,,ATM
507,1046,2023-11-02 03:41:39,POS Purchase,39.43,Pharmacy,Mobile App
508,1043,2023-12-11 22:40:29,Transfer,2310.19,,POS
509,1048,2023-08-14 23:05:54,Transfer,2802.63,,Online
510,1004,2023-01-28 06:01:38,Withdrawal,360.73,,Branch
511,1040,2023-08-31 19:08:06,ATM Withdrawal,222.05,,Branch
512,1057,2023-07-27 18:43:34,Transfer,1327.78,,Mobile App
513,1026,2023-12-02 18:02:29,POS Purchase,457.54,Amazon,Branch
514,1013,2023-03-16 05:33:48,POS Purchase,89.78,Uber,Online
515,1033,2023-03-20 08:35:51,ATM Withdrawal,48.76,,POS
516,1004,2023-06-13 14:23:50,POS Purchase,67.82,Best Buy,Mobile App
517,1056,2023-08-15 15:19:51,ATM Withdrawal,423.05,,Branch
518,1055,2023-06-22 19:59:21,Deposit,530.77,,ATM
519,1021,2023-05-17 03:13:59,POS Purchase,362.94,Utility Company,Branch
520,1046,2023-07-14 02:29:00,POS Purchase,392.37,Gym Membership,POS
521,1057,2023-02-26 18:38:49,Withdrawal,253.48,,Branch
522,1008,2023-09-20 00:40:50,Transfer,1260.53,,Mobile App
523,1011,2023-11-15 03:16:07,POS Purchase,15.87,Target,Online
524,1032,2023-03-24 13:01:57,Transfer,60.81,,Branch
525,1014,2023-05-04 10:40:52,Deposit,3826.53,,Branch
526,1046,2023-05-07 09:04:37,ATM Withdrawal,32.52,,ATM
527,1048,2023-05-14 16:26:06,Payment,350.97,Utility Company,ATM
528,1018,2023-04-13 12:34:02,ATM Withdrawal,178.47,,Mobile App
529,1016,2023-09-18 20:15:22,POS Purchase,573.97,Electronics Store,Online
530,1030,2023-02-22 11:12:17,Payment,39.37,Netflix,ATM
531,1055,2023-02-27 08:28:16,Transfer,1873.93,,POS
532,1012,2023-02-14 23:34:18,Payment,489.91,Car Rental,Branch
533,1006,2023-11-17 13:26:32,Transfer,439.47,,Branch
534,1011,2023-03-31 06:08:39,ATM Withdrawal,409.56,,POS
535,1026,2023-09-29 03:44:04,Transfer,1618.97,,Mobile App
536,1042,2023-04-22 13:04:26,Deposit,3590.12,,POS
537,1034,2023-08-06 04:17:57,Withdrawal,28.0,,Online
538,1004,2023-04-24 08:48:56,Transfer,1889.61,,POS
539,1001,2023-03-22 08:28:00,Transfer,1020.33,,POS
540,1052,2023-01-17 06:35:31,Payment,170.07,Pharmacy,Online
541,1037,2023-07-14 04:58:33,ATM Withdrawal,52.13,,POS
542,1013,2023-09-11 02:15:43,Payment,541.55,Car Rental,Branch
543,1004,2023-05-15 23:45:44,Transfer,927.35,,POS
544,1018,2023-04-24 21:46:43,ATM Withdrawal,121.29,,Branch
545,1023,2023-02-26 19:05:34,POS Purchase,285.26,Uber,Online
546,1010,2023-01-23 15:23:55,Deposit,2370.83,,Online
547,1005,2023-03-21 20:34:05,ATM Withdrawal,353.79,,Mobile App
548,1023,2023-07-15 00:04:54,Deposit,4124.63,,POS
549,1012,2023-09-20 17:24:37,Payment,14.44,Restaurant,Branch
550,1014,2023-11-23 07:34:16,Withdrawal,100.66,,ATM
551,1003,2023-06-09 00:08:02,Payment,569.06,Gym Membership,POS
552,1006,2023-05-10 17:40:54,Payment,591.65,Restaurant,ATM
553,1043,2023-01-30 01:42:19,Deposit,4063.16,,Online
554,1039,2023-08-07 08:05:37,Payment,401.56,Restaurant,POS
555,1046,2023-05-15 18:16:13,Deposit,1747.91,,Branch
556,1021,2023-10-29 20:17:40,Withdrawal,281.26,,Mobile App
557,1005,2023-11-25 12:05:36,POS Purchase,742.15,Online Marketplace,Branch
558,1024,2023-10-12 01:04:32,Withdrawal,123.62,,POS
559,1048,2023-07-28 04:54:56,ATM Withdrawal,331.85,,Branch
560,1001,2023-01-16 01:08:40,Transfer,1161.02,,Mobile App
561,1030,2023-07-01 02:55:19,POS Purchase,258.06,Hotel Booking,POS
562,1045,2023-04-28 12:16:28,Withdrawal,377.02,,Online
563,1025,2023-01-20 17:08:04,Payment,548.83,Walmart,ATM
564,1052,2023-03-06 16:47:48,Withdrawal,350.67,,Online
565,1024,2023-08-12 02:37:57,Transfer,585.5,,ATM
566,1044,2023-02-12 05:48:14,Withdrawal,498.95,,Mobile App
567,1020,2023-10-07 03:26:41,ATM Withdrawal,297.44,,ATM
568,1030,2023-03-01 03:51:24,Deposit,117.75,,Online
569,1015,2023-08-24 13:34:58,ATM Withdrawal,487.7,,POS
570,1012,2023-05-28 23:22:18,Transfer,1688.29,,Mobile App
571,1048,2023-04-03 09:58:27,Withdrawal,276.04,,ATM
572,1041,2023-01-14 19:03:50,Withdrawal,161.29,,Online
573,1052,2023-12-07 04:05:24,POS Purchase,645.41,Uber,Online
574,1015,2023-04-28 11:08:35,Transfer,797.97,,Online
575,1044,2023-05-10 12:26:06,Payment,638.33,Shell Gas Station,Branch
576,1052,2023-10-06 09:51:56,Transfer,161.51,,POS
577,1003,2023-09-08 00:04:25,POS Purchase,685.09,Insurance Co,Branch
578,1009,2023-10-18 16:02:52,Deposit,2163.25,,Mobile App
579,1027,2023-01-07 12:53:00,Payment,17320.33,Online Marketplace,POS
580,1024,2023-07-16 11:15:41,Payment,214.02,Amazon,Online
581,1039,2023-04-24 10:14:20,Withdrawal,146.22,,ATM
582,1008,2023-09-09 22:35:50,Deposit,1842.52,,Mobile App
583,1036,2023-06-17 10:04:09,Payment,111.37,Airline Booking,POS
584,1024,2023-11-26 07:26:23,POS Purchase,209.66,Starbucks,Online
585,1037,2023-08-17 14:18:58,POS Purchase,385.03,Subscription Service,Branch
586,1041,2023-07-17 04:35:20,POS Purchase,195.9,Restaurant,Online
587,1051,2023-02-11 15:02:07,Transfer,2750.06,,Online
588,1021,2023-03-25 12:33:00,Deposit,608.33,,Branch
589,1050,2023-01-05 23:40:53,Deposit,4807.94,,Mobile App
590,1007,2023-01-17 00:07:06,POS Purchase,743.51,Restaurant,Branch
591,1014,2023-01-21 19:10:27,Withdrawal,94.97,,Online
592,1023,2023-05-03 03:05:23,Transfer,2299.14,,Branch
593,1050,2023-09-12 04:19:16,ATM Withdrawal,211.58,,Online
594,1029,2023-09-17 21:07:48,Withdrawal,348.43,,Online
595,1029,2023-11-27 05:53:32,Transfer,533.19,,Branch
596,1057,2023-03-11 12:57:31,Withdrawal,79.68,,POS
597,1036,2023-12-25 01:37:56,Deposit,2351.84,,Branch
598,1057,2023-02-08 20:20:22,ATM Withdrawal,159.8,,Mobile App
599,1045,2023-12-20 01:46:09,POS Purchase,799.86,Car Rental,Online
600,1021,2023-02-19 19:43:53,Payment,668.35,Uber,ATM
601,1043,2023-04-05 13:26:54,POS Purchase,240.24,Best Buy,Online
602,1042,2023-11-18 02:44:12,ATM Withdrawal,38.82,,POS
603,1032,2023-11-05 08:35:59,Deposit,3687.6,,Branch
604,1042,2023-07-25 08:18:03,Deposit,1572.88,,POS
605,1037,2023-03-17 03:19:16,POS Purchase,333.72,Insurance Co,ATM
606,1056,2023-06-25 16:19:22,Deposit,282.39,,Mobile App
607,1023,2023-10-15 19:39:38,POS Purchase,66.71,Walmart,POS
608,1016,2023-06-16 13:41:17,Transfer,1520.87,,POS
609,1037,2023-10-04 05:28:06,Deposit,4411.32,,Branch
610,1040,2023-05-17 08:58:37,ATM Withdrawal,395.5,,Branch
611,1053,2023-06-25 16:13:51,Withdrawal,439.19,,Branch
612,1029,2023-02-26 23:57:17,POS Purchase,122.6,Restaurant,Online
613,1024,2023-07-12 03:03:27,POS Purchase,49.5,Online Marketplace,Branch
614,1051,2023-05-17 23:08:22,ATM Withdrawal,430.21,,POS
615,1054,2023-04-19 04:37:29,ATM Withdrawal,106.71,,Mobile App
616,1037,2023-03-30 08:40:32,Deposit,4955.37,,Online
617,1043,2023-04-25 03:28:37,Deposit,1647.71,,Mobile App
618,1039,2023-03-11 14:13:47,Withdrawal,33.39,,POS
619,1042,2023-04-29 08:23:47,POS Purchase,787.77,Uber,ATM
620,1006,2023-11-10 20:02:01,Deposit,1839.32,,Online
621,1006,2023-12-06 10:46:00,ATM Withdrawal,91.7,,POS
622,1016,2023-11-28 09:41:49,POS Purchase,782.02,Insurance Co,POS
623,1027,2023-02-13 04:12:37,Transfer,923.59,,Mobile App
624,1029,2023-01-14 01:27:39,POS Purchase,524.48,Shell Gas Station,ATM
625,1012,2023-08-26 11:02:38,ATM Withdrawal,474.99,,Online
626,1044,2023-01-25 22:05:46,ATM Withdrawal,118.84,,Branch
627,1020,2023-08-13 06:18:25,POS Purchase,166.75,Netflix,Branch
628,1021,2023-12-14 04:09:14,ATM Withdrawal,134.58,,Online
629,1056,2023-12-27 04:58:46,POS Purchase,767.24,Shell Gas Station,Online
630,1016,2023-09-28 00:22:49,ATM Withdrawal,491.52,,Mobile App
631,1015,2023-03-18 17:59:18,ATM Withdrawal,421.38,,POS
632,1043,2023-12-20 12:32:31,Payment,433.42,Netflix,Branch
633,1003,2023-09-13 08:36:23,Withdrawal,274.03,,Branch
634,1043,2023-11-03 11:20:01,Deposit,1262.02,,POS
635,1057,2023-05-11 06:32:08,Withdrawal,189.16,,Branch
636,1036,2023-06-06 00:19:20,Deposit,4608.16,,Mobile App
637,1013,2023-05-17 20:06:54,POS Purchase,55.1,Best Buy,Mobile App
638,1003,2023-10-09 07:28:58,Transfer,1377.38,,Branch
639,1049,2023-09-16 00:24:01,Withdrawal,483.98,,Online
640,1043,2023-12-16 02:52:45,POS Purchase,109.83,Local Grocery,Mobile App
641,1031,2023-11-03 19:11:49,POS Purchase,674.52,Hotel Booking,Mobile App
642,1023,2023-04-06 16:51:53,Payment,170.96,Best Buy,Mobile App
643,1023,2023-02-07 02:10:50,ATM Withdrawal,169.75,,ATM
644,1047,2023-05-11 00:26:23,Transfer,2302.94,,POS
645,1004,2023-12-12 07:47:34,ATM Withdrawal,394.28,,ATM
646,1016,2023-04-20 20:58:22,Payment,370.78,Electronics Store,Online
647,1040,2023-08-16 04:56:13,ATM Withdrawal,209.65,,ATM
648,1046,2023-07-14 00:27:00,POS Purchase,550.99,Online Marketplace,POS
649,1055,2023-07-18 09:49:45,ATM Withdrawal,23.78,,ATM
650,1016,2023-02-07 06:37:59,Deposit,1590.76,,ATM
651,1032,2023-09-26 04:27:58,Withdrawal,263.27,,Branch
652,1046,2023-02-15 21:29:37,Deposit,2628.98,,Online
653,1006,2023-09-19 02:03:48,POS Purchase,716.42,Netflix,Online
654,1028,2023-01-03 11:26:45,ATM Withdrawal,202.65,,Mobile App
655,1022,2023-01-15 00:52:53,Deposit,311.93,,POS
656,1056,2023-11-03 21:12:23,Payment,470.55,Uber,ATM
657,1027,2023-11-24 15:07:21,Transfer,1846.99,,ATM
658,1033,2023-12-14 13:52:29,Payment,668.38,Utility Company,Branch
659,1045,2023-12-30 21:55:31,ATM Withdrawal,234.59,,ATM
660,1018,2023-12-06 01:46:20,Deposit,2103.75,,POS
661,1004,2023-02-04 06:31:12,Transfer,622.1,,Mobile App
662,1056,2023-10-27 06:24:43,ATM Withdrawal,22.76,,Online
663,1011,2023-07-29 15:08:55,ATM Withdrawal,109.31,,ATM
664,1024,2023-08-22 08:14:48,Transfer,573.65,,Mobile App
665,1011,2023-11-23 18:29:33,Withdrawal,69.37,,Online
666,1045,2023-10-04 16:06:30,POS Purchase,598.32,Electronics Store,Online
667,1009,2023-03-01 11:41:10,ATM Withdrawal,248.94,,Mobile App
668,1030,2023-08-05 09:04:32,Payment,199.28,Netflix,Branch
669,1043,2023-08-19 07:11:59,ATM Withdrawal,151.96,,POS
670,1039,2023-08-14 00:20:46,Deposit,2299.61,,POS
671,1048,2023-05-17 15:27:34,POS Purchase,704.42,Starbucks,Online
672,1034,2023-02-13 03:51:33,Payment,275.63,Restaurant,Online
673,1045,2023-11-23 01:19:48,Withdrawal,292.88,,Mobile App
674,1031,2023-11-11 17:36:17,Transfer,1873.51,,ATM
675,1044,2023-09-11 05:00:34,Transfer,2466.78,,Mobile App
676,1039,2023-10-24 17:09:58,ATM Withdrawal,334.88,,POS
677,1009,2023-06-26 20:37:00,ATM Withdrawal,476.85,,ATM
678,1017,2023-08-23 21:39:38,Payment,173.59,Walmart,Branch
679,1042,2023-03-10 07:06:43,Withdrawal,232.2,,POS
680,1046,2023-07-14 00:54:00,POS Purchase,576.59,Insurance Co,POS
681,1045,2023-01-07 19:30:06,Deposit,2175.39,,Branch
682,1012,2023-05-03 10:35:20,Payment,219.59,Best Buy,ATM
683,1012,2023-08-02 08:55:39,POS Purchase,93.27,Insurance Co,Mobile App
684,1055,2023-08-12 08:28:45,Payment,187.74,Electronics Store,Online
685,1027,2023-04-14 18:46:46,Deposit,3589.22,,Branch
686,1042,2023-07-13 17:56:49,Withdrawal,273.19,,POS
687,1008,2023-07-02 20:03:16,Transfer,231.44,,Online
688,1048,2023-10-13 11:45:39,ATM Withdrawal,222.49,,ATM
689,1041,2023-05-14 10:03:09,ATM Withdrawal,352.73,,ATM
690,1044,2023-11-14 16:14:39,POS Purchase,339.56,Target,ATM
691,1036,2023-09-16 02:26:14,Withdrawal,301.42,,Branch
692,1017,2023-09-25 04:24:48,Payment,705.94,Netflix,Online
693,1021,2023-11-10 08:45:04,POS Purchase,485.85,Online Marketplace,ATM
694,1048,2023-07-03 02:43:09,POS Purchase,54.02,Local Grocery,Branch
695,1026,2023-06-14 10:11:46,ATM Withdrawal,347.66,,Mobile App
696,1034,2023-11-02 01:55:07,Deposit,2903.5,,Branch
697,1018,2023-05-08 12:51:27,POS Purchase,209.38,Best Buy,Branch
698,1022,2023-04-08 03:25:10,Transfer,275.53,,POS
699,1008,2023-05-01 10:12:16,ATM Withdrawal,99.01,,Online
700,1037,2023-06-02 02:56:13,Withdrawal,163.37,,POS
701,1036,2023-03-08 05:20:45,ATM Withdrawal,89.73,,POS
702,1014,2023-02-25 20:31:27,Payment,155.9,Hotel Booking,ATM
703,1046,2023-07-14 00:26:00,POS Purchase,409.42,Pharmacy,POS
704,1044,2023-09-10 17:10:13,Withdrawal,207.55,,Mobile App
705,1008,2023-10-25 10:33:09,Payment,531.37,Electronics Store,Branch
706,1037,2023-03-06 07:29:42,Deposit,2105.05,,Mobile App
707,1056,2023-08-04 22:41:59,Withdrawal,92.73,,Online
708,1034,2023-03-12 09:52:26,Payment,205.24,Target,ATM
709,1039,2023-08-07 20:26:04,Payment,195.93,Online Marketplace,ATM
710,1040,2023-08-27 21:20:58,Deposit,1252.45,,Branch
711,1051,2023-09-27 02:46:53,Deposit,2946.32,,ATM
712,1044,2023-03-03 08:00:24,Deposit,2703.72,,POS
713,1030,2023-06-24 10:30:06,ATM Withdrawal,373.81,,Mobile App
714,1044,2023-02-07 03:14:47,ATM Withdrawal,425.74,,Branch
715,1048,2023-10-15 16:47:33,Withdrawal,435.72,,ATM
716,1003,2023-06-11 03:53:21,Deposit,1757.54,,Mobile App
717,1015,2023-02-22 14:53:43,Payment,437.72,Best Buy,POS
718,1017,2023-09-23 12:33:26,Payment,748.92,Amazon,Online
719,1035,2023-11-13 18:02:56,Deposit,2995.31,,POS
720,1055,2023-09-24 09:06:03,ATM Withdrawal,458.65,,Online
721,1046,2023-01-27 18:53:20,POS Purchase,381.31,Netflix,Online
722,1043,2023-08-30 15:24:43,Withdrawal,223.19,,Branch
723,1009,2023-08-07 00:00:43,ATM Withdrawal,483.85,,Online
724,1004,2023-04-06 07:31:26,ATM Withdrawal,305.51,,Mobile App
725,1049,2023-10-28 18:29:14,Deposit,951.1,,Mobile App
726,1017,2023-07-13 19:32:59,Transfer,2203.49,,Branch
727,1021,2023-03-10 06:21:43,Deposit,427.27,,Online
728,1032,2023-02-05 05:57:52,POS Purchase,23.58,Subscription Service,Branch
729,1025,2023-04-28 05:16:57,ATM Withdrawal,133.45,,Online
730,1044,2023-03-11 08:09:40,ATM Withdrawal,271.85,,Branch
731,1055,2023-11-25 04:43:50,Payment,97.56,Uber,ATM
732,1051,2023-06-27 21:00:07,Deposit,1396.52,,Online
733,1048,2023-02-08 06:53:41,Withdrawal,176.31,,Online
734,1004,2023-12-08 13:59:23,Withdrawal,353.99,,Mobile App
735,1016,2023-01-31 07:36:24,Payment,726.08,Pharmacy,Branch
736,1017,2023-09-18 16:21:51,Payment,206.03,Hotel Booking,Branch
737,1045,2023-09-14 08:33:21,Payment,496.98,Insurance Co,Online
738,1021,2023-06-11 01:09:17,POS Purchase,378.82,Hotel Booking,Mobile App
739,1010,2023-02-02 07:25:37,POS Purchase,718.06,Online Marketplace,ATM
740,1055,2023-11-26 00:14:31,ATM Withdrawal,258.11,,Branch
741,1026,2023-09-20 20:29:03,Deposit,4033.16,,Branch
742,1010,2023-05-11 01:21:12,Withdrawal,33.21,,Online
743,1028,2023-09-19 04:55:03,POS Purchase,415.65,Gym Membership,Branch
744,1054,2023-07-05 15:53:57,Deposit,4123.95,,Mobile App
745,1021,2023-10-21 21:15:36,Payment,325.93,Car Rental,ATM
746,1056,2023-09-07 12:24:28,ATM Withdrawal,137.5,,Mobile App
747,1028,2023-04-20 02:41:16,Transfer,656.79,,POS
748,1050,2023-03-08 06:04:02,ATM Withdrawal,97.47,,ATM
749,1010,2023-05-14 08:27:06,Payment,614.96,Subscription Service,Branch
750,1004,2023-05-05 15:33:15,POS Purchase,201.41,Utility Company,ATM
751,1035,2023-10-25 12:29:00,Payment,689.91,Pharmacy,Online
752,1030,2023-02-16 07:57:29,Deposit,3343.13,,Online
753,1039,2023-09-20 16:56:11,ATM Withdrawal,319.04,,Mobile App
754,1012,2023-11-29 12:12:35,ATM Withdrawal,448.07,,ATM
755,1046,2023-09-13 07:22:21,Transfer,938.08,,ATM
756,1016,2023-02-21 20:51:49,Transfer,1905.27,,Mobile App
757,1041,2023-09-17 21:10:50,Payment,520.79,Hotel Booking,ATM
758,1008,2023-04-15 03:02:02,ATM Withdrawal,380.68,,ATM
759,1056,2023-12-12 16:56:04,ATM Withdrawal,73.81,,ATM
760,1021,2023-03-26 20:11:46,ATM Withdrawal,76.56,,Mobile App
761,1055,2023-03-08 03:18:08,Deposit,4777.21,,Mobile App
762,1015,2023-09-17 22:53:48,Deposit,4805.86,,POS
763,1030,2023-10-06 09:18:25,ATM Withdrawal,143.26,,ATM
764,1051,2023-04-27 04:55:20,ATM Withdrawal,105.08,,Online
765,1015,2023-04-07 16:42:16,ATM Withdrawal,285.93,,Branch
766,1014,2023-05-25 11:25:54,Payment,621.12,Netflix,ATM
767,1006,2023-08-17 19:49:52,Payment,670.05,Gym Membership,Mobile App
768,1001,2023-10-13 01:40:01,ATM Withdrawal,137.39,,ATM
769,1008,2023-11-05 16:30:54,Transfer,141.4,,Mobile App
770,1029,2023-01-14 02:05:54,Deposit,3043.59,,Online
771,1020,2023-06-10 01:53:22,Deposit,1131.33,,POS
772,1018,2023-03-21 01:59:44,Withdrawal,421.34,,ATM
773,1051,2023-01-04 14:18:27,Withdrawal,49.39,,ATM
774,1011,2023-01-10 03:59:44,ATM Withdrawal,28.49,,POS
775,1051,2023-02-09 07:35:41,ATM Withdrawal,381.71,,ATM
776,1047,2023-11-06 23:41:17,Transfer,1650.49,,Branch
777,1034,2023-06-03 00:49:46,Transfer,1867.7,,POS
778,1009,2023-06-20 19:46:00,Withdrawal,168.13,,Mobile App
779,1024,2023-02-15 18:37:14,Deposit,172.61,,Branch
780,1052,2023-10-26 19:08:51,Withdrawal,306.77,,Branch
781,1001,2023-05-01 23:48:13,Withdrawal,488.35,,Mobile App
782,1026,2023-08-29 10:57:22,ATM Withdrawal,374.75,,ATM
783,1030,2023-09-19 12:10:14,ATM Withdrawal,144.3,,Mobile App
784,1003,2023-09-09 21:28:25,Transfer,1277.73,,Mobile App
785,1030,2023-08-15 20:50:53,POS Purchase,428.88,Airline Booking,POS
786,1053,2023-06-03 18:33:20,POS Purchase,195.56,Online Marketplace,Online
787,1008,2023-01-16 13:33:49,Deposit,3552.83,,POS
788,1040,2023-01-31 13:46:13,Deposit,2280.9,,POS
789,1020,2023-06-09 05:38:25,Payment,33.54,Walmart,POS
790,1009,2023-05-09 19:06:37,Withdrawal,109.12,,Mobile App
791,1045,2023-07-22 18:27:35,POS Purchase,797.99,Shell Gas Station,POS
792,1051,2023-11-03 11:50:46,Transfer,234.6,,Mobile App
793,1009,2023-04-18 09:27:21,Payment,205.0,Walmart,ATM
794,1020,2023-05-31 11:46:42,ATM Withdrawal,101.45,,Online
795,1014,2023-08-16 14:36:23,Transfer,261.86,,Online
796,1032,2023-07-25 06:10:22,Payment,587.09,Pharmacy,Branch
797,1046,2023-07-14 04:41:00,POS Purchase,382.07,Shell Gas Station,POS
798,1037,2023-06-09 12:21:01,Deposit,4585.55,,Branch
799,1056,2023-04-04 02:50:50,POS Purchase,409.05,Hotel Booking,ATM
800,1014,2023-06-02 06:04:45,Transfer,901.28,,Mobile App
801,1047,2023-10-04 23:57:09,Payment,434.66,Local Grocery,ATM
802,1010,2023-04-30 09:38:03,ATM Withdrawal,360.0,,ATM
803,1042,2023-10-30 11:28:17,Withdrawal,404.43,,ATM
804,1026,2023-12-24 03:45:47,Deposit,4558.1,,Branch
805,1022,2023-10-02 22:01:14,Withdrawal,262.24,,Mobile App
806,1036,2023-05-07 14:33:56,Payment,761.64,Netflix,Mobile App
807,1044,2023-11-29 07:05:57,Payment,368.5,Best Buy,Mobile App
808,1006,2023-09-19 21:02:02,ATM Withdrawal,462.62,,ATM
809,1015,2023-08-14 03:50:01,Payment,92.78,Local Grocery,Branch
810,1024,2023-05-27 12:59:48,Deposit,1050.25,,Branch
811,1009,2023-01-31 10:23:36,ATM Withdrawal,344.9,,Branch
812,1034,2023-02-22 03:25:19,POS Purchase,574.11,Amazon,Mobile App
813,1042,2023-06-05 17:46:50,Payment,739.75,Walmart,ATM
814,1041,2023-12-24 23:56:36,ATM Withdrawal,294.87,,Online
815,1020,2023-11-05 02:12:29,Withdrawal,226.33,,Mobile App
816,1025,2023-04-24 16:18:13,ATM Withdrawal,238.04,,Branch
817,1051,2023-10-10 17:16:17,Withdrawal,122.56,,Online
818,1037,2023-10-07 22:24:40,ATM Withdrawal,119.95,,POS
819,1056,2023-07-15 19:38:48,POS Purchase,521.88,Electronics Store,ATM
820,1022,2023-09-05 07:18:40,Transfer,1615.54,,Branch
821,1001,2023-11-18 13:46:44,POS Purchase,115.75,Online Marketplace,POS
822,1008,2023-12-07 02:56:55,ATM Withdrawal,71.42,,Branch
823,1011,2023-08-20 17:56:09,Payment,697.22,Local Grocery,Mobile App
824,1025,2023-04-21 03:53:40,Payment,196.53,Local Grocery,POS
825,1033,2023-02-10 21:23:57,Payment,782.71,Amazon,ATM
826,1057,2023-08-04 16:17:38,Deposit,1550.93,,Branch
827,1056,2023-08-08 15:40:15,ATM Withdrawal,105.16,,Online
828,1025,2023-06-24 21:48:45,ATM Withdrawal,243.44,,ATM
829,1045,2023-06-07 11:26:41,Payment,230.49,Online Marketplace,ATM
830,1023,2023-02-24 06:51:22,ATM Withdrawal,319.95,,Branch
831,1017,2023-07-11 06:50:40,ATM Withdrawal,84.72,,POS
832,1057,2023-01-17 16:31:54,Withdrawal,142.51,,Online
833,1009,2023-10-12 03:16:26,Withdrawal,247.16,,POS
834,1023,2023-12-16 22:49:38,Withdrawal,238.7,,Mobile App
835,1037,2023-10-23 04:11:26,ATM Withdrawal,199.26,,POS
836,1015,2023-10-05 18:44:07,ATM Withdrawal,302.46,,Online
837,1037,2023-07-20 21:09:19,Payment,414.4,Airline Booking,ATM
838,1036,2023-07-10 16:06:02,Transfer,2243.77,,ATM
839,1013,2023-06-09 16:11:07,ATM Withdrawal,351.15,,POS
840,1048,2023-12-09 15:26:40,ATM Withdrawal,127.38,,POS
841,1005,2023-05-26 21:19:26,Deposit,2875.95,,ATM
842,1016,2023-06-14 10:55:47,Deposit,2086.06,,ATM
843,1057,2023-11-02 03:43:30,Payment,332.12,Uber,POS
844,1057,2023-05-18 10:33:55,ATM Withdrawal,158.73,,ATM
845,1033,2023-02-21 04:26:11,POS Purchase,718.01,Electronics Store,Branch
846,1009,2023-09-04 00:51:46,Transfer,1980.49,,ATM
847,1004,2023-11-21 02:01:52,Withdrawal,363.47,,Mobile App
848,1016,2023-05-23 11:33:33,Transfer,76.67,,Mobile App
849,1009,2023-06-05 12:03:05,POS Purchase,725.12,Netflix,POS
850,1020,2023-12-30 02:48:38,ATM Withdrawal,435.99,,Online
851,1037,2023-11-02 22:41:51,Payment,611.21,Starbucks,Branch
852,1009,2023-04-12 15:44:13,POS Purchase,67.5,Insurance Co,Online
853,1037,2023-08-07 10:16:24,Transfer,2207.42,,Online
854,1031,2023-10-24 21:36:39,Withdrawal,116.09,,Branch
855,1048,2023-11-24 02:05:25,Deposit,1928.29,,ATM
856,1013,2023-07-31 09:25:56,ATM Withdrawal,400.52,,Branch
857,1040,2023-08-18 08:52:44,Payment,358.24,Uber,Branch
858,1023,2023-05-06 13:59:58,POS Purchase,553.39,Starbucks,Branch
859,1037,2023-06-05 11:43:17,POS Purchase,192.76,Uber,POS
860,1049,2023-04-16 10:39:32,ATM Withdrawal,219.17,,Mobile App
861,1039,2023-04-09 21:40:14,Payment,416.57,Gym Membership,Branch
862,1052,2023-04-24 09:51:47,Withdrawal,239.09,,POS
863,1003,2023-02-22 01:53:42,Transfer,489.3,,ATM
864,1029,2023-11-26 10:25:43,ATM Withdrawal,76.93,,Branch
865,1032,2023-12-10 08:19:58,ATM Withdrawal,437.63,,Mobile App
866,1033,2023-12-03 09:01:24,Payment,577.54,Online Marketplace,POS
867,1023,2023-05-08 00:26:34,Deposit,2765.46,,ATM
868,1045,2023-06-08 09:53:59,Deposit,4926.05,,Online
869,1012,2023-12-12 06:39:39,Transfer,1577.42,,Mobile App
870,1026,2023-05-02 17:16:14,POS Purchase,658.42,Target,POS
871,1032,2023-12-01 23:15:22,POS Purchase,650.89,Uber,ATM
872,1011,2023-09-24 14:33:04,Deposit,1299.16,,ATM
873,1010,2023-10-29 18:28:48,ATM Withdrawal,175.48,,ATM
874,1042,2023-12-21 00:59:15,Deposit,3644.16,,Branch
875,1029,2023-08-31 07:16:16,Deposit,4541.54,,POS
876,1057,2023-10-27 10:32:32,ATM Withdrawal,495.46,,ATM
877,1025,2023-12-31 13:49:45,Transfer,2350.28,,ATM
878,1047,2023-12-03 20:13:57,Withdrawal,56.26,,POS
879,1027,2023-11-17 11:43:54,Payment,633.86,Car Rental,POS
880,1006,2023-02-24 02:08:22,Payment,295.44,Insurance Co,POS
881,1021,2023-09-21 21:24:08,Transfer,273.91,,POS
882,1022,2023-08-21 21:56:45,POS Purchase,366.45,Electronics Store,POS
883,1044,2023-06-29 22:56:20,ATM Withdrawal,489.18,,Online
884,1039,2023-01-24 22:21:02,Deposit,676.87,,Branch
885,1031,2023-05-04 12:40:02,POS Purchase,638.14,Airline Booking,ATM
886,1017,2023-07-22 11:15:24,POS Purchase,107.93,Subscription Service,Branch
887,1046,2023-09-22 01:07:06,Withdrawal,43.81,,Online
888,1010,2023-07-09 07:46:14,Withdrawal,142.81,,ATM
889,1023,2023-01-22 04:29:01,Payment,606.91,Uber,Online
890,1020,2023-06-08 07:07:09,Payment,220.02,Hotel Booking,Online
891,1021,2023-02-09 08:25:23,ATM Withdrawal,274.08,,ATM
892,1028,2023-09-29 19:43:57,Deposit,2781.91,,POS
893,1015,2023-12-05 01:32:45,Payment,713.05,Starbucks,Mobile App
894,1049,2023-02-15 01:56:37,Withdrawal,199.55,,Mobile App
895,1015,2023-06-25 16:56:40,Deposit,1190.17,,Mobile App
896,1042,2023-06-14 07:16:41,Payment,519.82,Insurance Co,POS
897,1001,2023-08-27 03:57:35,Withdrawal,61.21,,Mobile App
898,1036,2023-01-27 03:10:53,Deposit,2784.3,,Online
899,1043,2023-10-01 00:04:34,Transfer,1940.51,,Online
900,1056,2023-01-23 14:26:39,Deposit,2769.11,,Branch
901,1018,2023-08-24 03:05:14,Deposit,175.82,,Mobile App
902,1054,2023-07-02 13:33:09,POS Purchase,672.4,Restaurant,Branch
903,1035,2023-11-26 20:41:33,ATM Withdrawal,450.08,,Mobile App
904,1056,2023-05-25 04:58:10,Withdrawal,354.72,,Online
905,1017,2023-08-26 22:02:41,Payment,437.46,Hotel Booking,ATM
906,1021,2023-10-08 13:41:05,ATM Withdrawal,256.64,,ATM
907,1014,2023-06-05 06:07:44,Transfer,383.32,,ATM
908,1017,2023-06-01 15:55:59,Transfer,452.75,,ATM
909,1016,2023-10-03 21:37:55,POS Purchase,126.96,Subscription Service,POS
910,1041,2023-12-01 13:21:59,Transfer,535.59,,POS
911,1054,2023-11-22 10:16:26,ATM Withdrawal,491.55,,POS
912,1013,2023-07-12 20:37:13,Transfer,1539.25,,Branch
913,1017,2023-04-15 03:07:31,Withdrawal,21.23,,Branch
914,1020,2023-06-22 15:43:49,ATM Withdrawal,144.47,,ATM
915,1017,2023-09-21 03:23:22,ATM Withdrawal,270.25,,Mobile App
916,1041,2023-06-13 05:08:28,Withdrawal,106.58,,ATM
917,1027,2023-01-07 08:57:21,Transfer,522.66,,Mobile App
918,1003,2023-10-08 06:15:05,Withdrawal,63.73,,Branch
919,1021,2023-07-26 03:43:16,Transfer,1187.28,,Mobile App
920,1055,2023-03-21 10:29:04,ATM Withdrawal,331.55,,Branch
921,1022,2023-02-12 10:50:20,Payment,718.36,Netflix,Online
922,1007,2023-09-23 19:41:32,ATM Withdrawal,410.42,,Branch
923,1022,2023-04-22 17:50:52,Withdrawal,487.47,,POS
924,1004,2023-01-21 12:02:29,Deposit,403.82,,Branch
925,1042,2023-03-18 00:21:30,ATM Withdrawal,210.97,,POS
926,1055,2023-02-22 06:43:36,Withdrawal,44.28,,Mobile App
927,1047,2023-10-26 05:04:44,Payment,107.47,Airline Booking,ATM
928,1020,2023-08-03 17:53:13,Withdrawal,339.38,,Branch
929,1046,2023-06-04 20:41:36,Payment,739.8,Hotel Booking,Mobile App
930,1051,2023-04-29 12:30:13,Payment,697.68,Subscription Service,Branch
931,1045,2023-09-29 00:01:43,Deposit,4797.86,,Online
932,1017,2023-12-26 14:59:29,ATM Withdrawal,219.15,,Mobile App
933,1001,2023-10-19 00:52:43,POS Purchase,639.38,Target,Online
934,1026,2023-12-09 04:38:24,POS Purchase,720.52,Shell Gas Station,Branch
935,1014,2023-12-04 22:44:29,Withdrawal,212.25,,Online
936,1017,2023-08-24 12:23:53,Payment,102.81,Netflix,ATM
937,1015,2023-12-20 02:09:42,POS Purchase,300.75,Car Rental,Mobile App
938,1037,2023-02-22 07:32:44,ATM Withdrawal,227.57,,Online
939,1051,2023-12-24 08:44:04,POS Purchase,512.38,Shell Gas Station,POS
940,1009,2023-06-26 06:41:31,Deposit,1653.76,,ATM
941,1016,2023-05-02 04:43:04,Transfer,1057.43,,ATM
942,1033,2023-11-26 13:24:17,Withdrawal,366.52,,Branch
943,1026,2023-07-04 07:04:06,Deposit,227.35,,Online
944,1023,2023-11-03 12:04:44,Withdrawal,446.82,,Online
945,1022,2023-11-24 06:00:15,Withdrawal,203.65,,Online
946,1028,2023-06-16 12:26:16,Payment,189.95,Amazon,Branch
947,1027,2023-12-13 07:21:51,Withdrawal,213.21,,Branch
948,1040,2023-10-14 06:10:55,Transfer,489.08,,POS
949,1022,2023-09-20 18:26:14,ATM Withdrawal,497.93,,ATM
950,1027,2023-09-03 14:49:37,Payment,381.09,Local Grocery,Mobile App
951,1057,2023-11-05 23:23:47,Withdrawal,200.27,,Online
952,1014,2023-02-16 11:27:28,Transfer,2228.9,,Mobile App
953,1046,2023-09-01 11:59:15,Withdrawal,34.71,,Mobile App
954,1015,2023-01-05 21:52:11,ATM Withdrawal,161.96,,Mobile App
955,1024,2023-08-19 06:54:02,Transfer,464.43,,Branch
956,1007,2023-07-14 20:58:44,ATM Withdrawal,277.45,,Mobile App
957,1046,2023-06-22 19:28:16,ATM Withdrawal,201.46,,Branch
958,1028,2023-06-12 20:48:35,Transfer,1043.61,,POS
959,1050,2023-12-10 09:32:58,POS Purchase,499.97,Starbucks,Branch
960,1003,2023-11-20 12:58:56,POS Purchase,441.64,Starbucks,Online
961,1037,2023-02-05 09:33:07,POS Purchase,600.68,Utility Company,ATM
962,1021,2023-08-21 18:51:42,Transfer,2044.91,,POS
963,1013,2023-11-16 12:01:03,Withdrawal,299.68,,Online
964,1006,2023-05-28 05:43:50,ATM Withdrawal,51.45,,ATM
965,1017,2023-04-27 08:25:18,Payment,557.54,Insurance Co,Mobile App
966,1013,2023-07-31 05:03:40,POS Purchase,484.49,Restaurant,POS
967,1051,2023-05-18 18:38:25,Transfer,1636.83,,POS
968,1046,2023-12-20 02:07:25,Deposit,1253.28,,POS
969,1029,2023-05-29 10:53:59,POS Purchase,152.32,Netflix,Online
970,1017,2023-12-05 18:30:36,Withdrawal,51.61,,POS
971,1021,2023-01-17 09:21:05,Transfer,2674.19,,Mobile App
972,1047,2023-12-30 07:29:36,Transfer,956.03,,POS
973,1020,2023-06-19 11:49:08,Withdrawal,125.43,,ATM
974,1054,2023-04-07 20:41:20,Transfer,295.79,,POS
975,1008,2023-11-26 22:15:32,Withdrawal,382.27,,POS
976,1010,2023-11-24 12:59:07,ATM Withdrawal,143.45,,POS
977,1011,2023-12-15 11:15:55,Payment,532.18,Amazon,ATM
978,1017,2023-04-19 08:45:11,Deposit,437.71,,Online
979,1053,2023-01-25 19:11:05,Deposit,2803.36,,Online
980,1006,2023-06-13 11:02:12,Withdrawal,325.55,,ATM
981,1025,2023-12-16 15:13:43,Transfer,78.35,,Mobile App
982,1037,2023-04-17 02:59:48,Deposit,3372.08,,Online
983,1034,2023-07-06 04:51:30,Deposit,840.46,,Branch
984,1039,2023-10-02 21:53:31,Transfer,1151.73,,Online
985,1049,2023-09-22 04:02:42,Transfer,1005.8,,ATM
986,1009,2023-01-30 15:29:57,Withdrawal,138.35,,Branch
987,1037,2023-08-30 00:44:16,Transfer,2304.32,,Mobile App
988,1013,2023-10-12 14:29:53,Withdrawal,189.4,,Mobile App
989,1039,2023-04-07 15:11:05,Withdrawal,345.11,,Mobile App
990,1047,2023-02-28 18:52:32,ATM Withdrawal,81.7,,POS
991,1048,2023-12-10 01:21:01,POS Purchase,722.01,Electronics Store,ATM
992,1016,2023-08-17 12:36:49,Transfer,1781.04,,Branch
993,1036,2023-10-18 10:58:07,ATM Withdrawal,408.31,,Branch
994,1004,2023-12-28 15:12:23,POS Purchase,736.01,Best Buy,ATM
995,1051,2023-06-13 09:19:31,Deposit,1162.92,,Online
996,1045,2023-12-24 06:36:31,POS Purchase,124.92,Gym Membership,ATM
997,1045,2023-03-12 07:32:13,Payment,137.77,Electronics Store,Mobile App
998,1011,2023-02-26 03:07:25,Withdrawal,129.17,,Branch
999,1034,2023-10-28 23:55:17,ATM Withdrawal,109.59,,Mobile App
1000,1026,2023-05-05 14:35:07,Deposit,3729.21,,Mobile App
1001,1011,2023-03-15 20:01:28,POS Purchase,276.02,Netflix,Mobile App
1002,1021,2023-03-15 06:37:58,POS Purchase,408.85,Pharmacy,Branch
1003,1037,2023-08-21 17:23:44,Withdrawal,52.16,,Mobile App
1004,1049,2023-10-15 21:27:33,Withdrawal,479.86,,Mobile App
1005,1044,2023-05-23 06:16:25,POS Purchase,97.2,Utility Company,Branch
1006,1036,2023-11-16 23:30:19,ATM Withdrawal,41.66,,ATM
1007,1046,2023-07-14 01:49:00,POS Purchase,421.02,Uber,POS
1008,1056,2023-04-24 12:23:50,Withdrawal,363.74,,POS
1009,1017,2023-03-13 15:47:41,Payment,410.55,Car Rental,POS
1010,1025,2023-08-05 16:34:21,ATM Withdrawal,129.82,,Online
1011,1055,2023-01-13 04:28:13,ATM Withdrawal,111.84,,Mobile App
1012,1047,2023-10-05 12:59:23,Payment,790.66,Electronics Store,Branch
1013,1008,2023-02-25 20:58:06,Transfer,1195.61,,Online
1014,1012,2023-03-20 06:26:31,Payment,354.93,Subscription Service,POS
1015,1042,2023-07-23 15:51:17,Deposit,3934.8,,ATM
1016,1015,2023-09-01 02:08:23,POS Purchase,50.76,Target,Online
1017,1036,2023-12-04 00:27:29,POS Purchase,509.42,Car Rental,Branch
1018,1039,2023-03-09 16:56:59,Payment,226.02,Starbucks,Branch
1019,1030,2023-02-28 10:21:08,ATM Withdrawal,363.94,,Branch
1020,1050,2023-05-15 04:14:19,Deposit,4093.55,,ATM
1021,1011,2023-01-01 16:18:11,Transfer,2740.35,,Branch
1022,1055,2023-05-30 06:37:56,Payment,257.22,Starbucks,Branch
1023,1046,2023-05-28 08:46:50,Payment,439.46,Restaurant,Mobile App
1024,1027,2023-02-05 17:43:26,Withdrawal,102.37,,Branch
1025,1041,2023-04-12 19:41:45,ATM Withdrawal,151.58,,POS
1026,1021,2023-05-25 01:47:52,ATM Withdrawal,157.99,,Mobile App
1027,1024,2023-02-20 21:24:53,Transfer,136.71,,Mobile App
1028,1051,2023-04-04 21:59:46,POS Purchase,407.47,Uber,ATM
1029,1032,2023-03-26 11:52:46,Deposit,1176.58,,ATM
1030,1022,2023-09-28 18:16:32,Payment,171.38,Local Grocery,Online
1031,1016,2023-02-25 21:46:00,Deposit,4576.92,,ATM
1032,1017,2023-03-25 03:09:58,Deposit,1583.27,,POS
1033,1056,2023-07-15 11:54:27,POS Purchase,458.58,Hotel Booking,ATM
1034,1020,2023-11-26 16:45:52,Deposit,457.96,,ATM
1035,1022,2023-02-20 18:56:08,Withdrawal,294.59,,Mobile App
1036,1051,2023-10-27 03:27:41,Withdrawal,161.85,,Mobile App
1037,1049,2023-07-03 03:32:30,Transfer,1203.92,,POS
1038,1014,2023-01-05 11:58:05,ATM Withdrawal,314.41,,ATM
1039,1037,2023-11-20 23:23:19,Payment,189.68,Target,ATM
1040,1013,2023-02-14 05:10:22,Payment,153.31,Airline Booking,Mobile App
1041,1033,2023-01-26 06:15:13,Deposit,4184.24,,ATM
1042,1023,2023-11-13 20:41:47,POS Purchase,117.91,Starbucks,POS
1043,1043,2023-01-02 11:13:26,POS Purchase,210.09,Electronics Store,ATM
1044,1005,2023-08-01 13:01:55,Transfer,1202.66,,Mobile App
1045,1028,2023-07-12 08:56:07,POS Purchase,697.66,Insurance Co,ATM
1046,1048,2023-11-04 07:04:43,ATM Withdrawal,206.69,,Mobile App
1047,1035,2023-11-17 21:36:25,POS Purchase,319.6,Pharmacy,Branch
1048,1050,2023-01-04 22:07:13,Transfer,1540.77,,Branch
1049,1039,2023-06-10 07:07:03,Payment,149.13,Starbucks,Mobile App
1050,1050,2023-06-27 14:47:07,Payment,625.17,Online Marketplace,Online
1051,1006,2023-11-27 18:28:38,POS Purchase,588.15,Target,Branch
1052,1055,2023-08-17 18:29:46,Payment,794.27,Uber,Branch
1053,1020,2023-10-12 03:00:22,Withdrawal,335.14,,Online
1054,1050,2023-03-29 15:58:04,Withdrawal,272.9,,Branch
1055,1029,2023-10-16 21:44:23,Payment,759.77,Best Buy,POS
1056,1006,2023-04-15 11:39:53,Payment,131.11,Amazon,Branch
1057,1032,2023-01-24 07:06:13,Payment,763.47,Restaurant,Mobile App
1058,1047,2023-05-19 15:03:17,ATM Withdrawal,61.19,,Mobile App
1059,1045,2023-04-26 12:21:24,Withdrawal,230.83,,POS
1060,1008,2023-04-28 21:11:41,Deposit,1633.77,,Online
1061,1011,2023-05-02 03:24:18,Payment,717.48,Walmart,ATM
1062,1005,2023-07-16 15:48:51,Withdrawal,421.9,,Online
1063,1017,2023-09-30 16:17:39,ATM Withdrawal,174.63,,POS
1064,1046,2023-07-14 04:19:00,POS Purchase,366.6,Netflix,POS
1065,1007,2023-06-07 06:25:39,POS Purchase,66.85,Shell Gas Station,Branch
1066,1016,2023-11-04 01:05:04,POS Purchase,276.22,Netflix,Online
1067,1010,2023-09-02 16:37:12,Withdrawal,64.25,,ATM
1068,1033,2023-05-21 05:52:26,Payment,172.82,Walmart,POS
1069,1015,2023-03-19 15:32:30,Deposit,273.75,,Branch
1070,1020,2023-08-20 01:20:24,Withdrawal,127.22,,POS
1071,1033,2023-07-30 20:59:34,Payment,182.9,Utility Company,Online
1072,1011,2023-05-22 18:11:08,Withdrawal,130.6,,Branch
1073,1021,2023-12-20 08:20:10,POS Purchase,399.13,Walmart,POS
1074,1012,2023-08-07 00:01:03,Transfer,1517.15,,POS
1075,1017,2023-07-05 19:48:16,Transfer,1446.17,,ATM
1076,1057,2023-08-26 16:00:55,POS Purchase,605.35,Restaurant,Online
1077,1027,2023-10-08 00:02:54,ATM Withdrawal,264.27,,Mobile App
1078,1013,2023-03-29 16:31:52,Payment,492.34,Walmart,Online
1079,1042,2023-06-19 22:21:52,Transfer,2382.65,,Online
1080,1036,2023-07-11 03:37:24,POS Purchase,255.91,Pharmacy,ATM
1081,1010,2023-01-29 03:09:20,Deposit,3416.76,,ATM
1082,1049,2023-11-15 06:02:00,Withdrawal,66.71,,Branch
1083,1030,2023-08-04 14:18:26,Withdrawal,487.62,,Branch
1084,1053,2023-11-24 12:58:05,Transfer,89.08,,ATM
1085,1057,2023-11-15 22:58:37,Deposit,4604.46,,Mobile App
1086,1014,2023-09-18 01:43:44,Withdrawal,265.7,,Branch
1087,1055,2023-04-09 08:30:23,Withdrawal,147.93,,ATM
1088,1015,2023-07-28 21:04:51,Payment,111.76,Online Marketplace,POS
1089,1025,2023-04-28 09:51:04,Payment,79.9,Car Rental,Branch
1090,1004,2023-07-17 08:58:27,Payment,110.5,Gym Membership,Branch
1091,1039,2023-07-23 06:49:22,Deposit,4465.96,,Branch
1092,1010,2023-03-21 10:38:01,Transfer,1841.05,,Online
1093,1051,2023-10-22 01:39:34,Payment,411.81,Subscription Service,ATM
1094,1040,2023-04-01 16:21:43,Withdrawal,150.34,,Branch
1095,1004,2023-06-24 04:02:13,Transfer,2210.07,,Branch
1096,1014,2023-08-02 22:47:25,ATM Withdrawal,125.98,,POS
1097,1052,2023-04-03 07:15:04,Deposit,3647.31,,Branch
1098,1003,2023-08-12 16:20:12,Transfer,1311.86,,Online
1099,1013,2023-11-20 20:46:02,ATM Withdrawal,398.07,,ATM
1100,1025,2023-02-12 08:10:16,Deposit,356.41,,ATM
1101,1053,2023-05-16 22:49:46,ATM Withdrawal,467.84,,ATM
1102,1041,2023-06-18 10:55:26,Deposit,594.38,,Mobile App
1103,1057,2023-08-18 16:03:34,ATM Withdrawal,27.71,,Branch
1104,1039,2023-07-05 21:05:26,Deposit,312.45,,Mobile App
1105,1056,2023-11-13 09:01:06,ATM Withdrawal,488.2,,ATM
1106,1036,2023-12-06 08:59:27,POS Purchase,359.13,Insurance Co,Mobile App
1107,1031,2023-04-30 15:37:49,POS Purchase,706.23,Uber,Online
1108,1055,2023-05-18 13:50:44,ATM Withdrawal,271.41,,Online
1109,1049,2023-11-02 00:35:23,ATM Withdrawal,279.02,,Mobile App
1110,1001,2023-02-09 19:09:21,Transfer,2094.02,,POS
1111,1043,2023-11-22 23:39:44,Payment,117.53,Walmart,Branch
1112,1052,2023-03-21 04:46:49,Deposit,3676.64,,Branch
1113,1008,2023-04-13 16:22:06,POS Purchase,368.14,Best Buy,Mobile App
1114,1013,2023-08-07 19:35:00,Withdrawal,41757.57,Electronics Store,Online
1115,1036,2023-12-08 00:09:20,ATM Withdrawal,48.63,,Branch
1116,1037,2023-11-16 21:54:13,Transfer,1813.69,,Branch
1117,1025,2023-12-13 21:49:10,Payment,298.92,Airline Booking,POS
1118,1026,2023-08-08 02:11:33,Transfer,2377.16,,ATM
1119,1008,2023-08-08 17:32:10,Payment,786.02,Target,Mobile App
1120,1048,2023-10-25 04:42:35,Payment,223.44,Uber,ATM
1121,1008,2023-01-06 12:53:31,Deposit,2762.46,,Branch
1122,1010,2023-07-12 12:43:24,POS Purchase,618.3,Target,Mobile App
1123,1032,2023-04-14 10:57:40,Transfer,438.5,,ATM
1124,1040,2023-07-07 01:15:36,Deposit,351.68,,ATM
1125,1036,2023-12-17 21:57:45,Withdrawal,120.36,,ATM
1126,1048,2023-07-11 14:10:53,Payment,24.51,Netflix,Branch
1127,1057,2023-05-24 12:59:29,ATM Withdrawal,240.91,,Mobile App
1128,1014,2023-09-08 06:02:44,POS Purchase,212.65,Hotel Booking,Branch
1129,1036,2023-05-07 11:36:29,Payment,87.28,Subscription Service,POS
1130,1022,2023-01-12 22:33:04,Deposit,1693.2,,Online
1131,1022,2023-01-09 14:49:12,ATM Withdrawal,391.19,,Branch
1132,1049,2023-11-13 02:45:27,POS Purchase,239.81,Walmart,Mobile App
1133,1017,2023-09-02 20:58:42,ATM Withdrawal,181.12,,Online
1134,1018,2023-10-03 08:33:16,Deposit,1349.62,,ATM
1135,1023,2023-04-23 21:02:59,POS Purchase,512.72,Utility Company,ATM
1136,1033,2023-06-06 20:46:38,Withdrawal,102.54,,ATM
1137,1046,2023-08-26 13:21:43,Withdrawal,298.55,,ATM
1138,1023,2023-01-31 22:46:01,ATM Withdrawal,427.99,,Mobile App
1139,1009,2023-09-12 21:18:53,Payment,303.09,Utility Company,Online
1140,1033,2023-06-28 20:07:30,Transfer,1757.01,,Branch
1141,1018,2023-03-16 22:13:33,Deposit,1087.97,,Online
1142,1023,2023-06-18 00:49:49,Withdrawal,401.41,,POS
1143,1017,2023-09-15 16:13:33,Withdrawal,134.55,,Branch
1144,1039,2023-09-22 12:09:27,Transfer,2917.07,,Online
1145,1006,2023-09-25 11:34:14,Payment,468.95,Car Rental,Branch
1146,1044,2023-10-10 11:41:00,ATM Withdrawal,400.36,,Branch
1147,1046,2023-07-14 01:15:00,POS Purchase,586.58,Best Buy,POS
1148,1037,2023-06-16 20:27:14,Deposit,2486.75,,Online
1149,1056,2023-02-16 04:53:36,ATM Withdrawal,289.77,,Mobile App
1150,1047,2023-03-18 10:03:45,POS Purchase,345.61,Best Buy,POS
1151,1001,2023-09-21 15:15:59,Payment,89.49,Utility Company,Mobile App
1152,1009,2023-04-06 01:23:49,ATM Withdrawal,430.64,,Online
1153,1004,2023-07-21 14:57:45,Transfer,2992.71,,Branch
1154,1023,2023-11-11 09:29:25,ATM Withdrawal,377.6,,Online
1155,1033,2023-08-11 22:40:46,Withdrawal,208.68,,Online
1156,1036,2023-01-13 03:46:38,Payment,697.45,Airline Booking,Online
1157,1036,2023-08-18 08:51:16,POS Purchase,436.52,Netflix,POS
1158,1047,2023-12-02 00:43:22,Payment,36.36,Online Marketplace,Online
1159,1048,2023-10-08 14:52:35,Transfer,2086.85,,Branch
1160,1046,2023-09-24 00:38:09,Deposit,3425.19,,Online
1161,1010,2023-04-30 20:05:58,ATM Withdrawal,107.68,,Branch
1162,1001,2023-01-08 02:40:47,Transfer,213.43,,Mobile App
1163,1030,2023-05-11 00:25:24,Withdrawal,25.32,,ATM
1164,1030,2023-04-24 19:17:42,POS Purchase,107.31,Amazon,Mobile App
1165,1023,2023-06-03 11:01:20,Payment,80.3,Insurance Co,Branch
1166,1026,2023-01-09 20:35:56,Deposit,1872.39,,Online
1167,1033,2023-10-10 19:36:40,Withdrawal,101.56,,Online
1168,1020,2023-06-06 01:13:39,ATM Withdrawal,165.73,,Online
1169,1030,2023-10-24 23:02:50,ATM Withdrawal,55.95,,ATM
1170,1055,2023-11-08 02:25:41,POS Purchase,409.0,Hotel Booking,Branch
1171,1055,2023-07-23 14:01:09,Withdrawal,139.94,,ATM
1172,1045,2023-09-23 01:41:37,POS Purchase,669.68,Target,ATM
1173,1032,2023-09-10 14:35:10,Deposit,621.83,,POS
1174,1036,2023-06-15 01:38:50,Payment,166.04,Electronics Store,Online
1175,1026,2023-09-16 20:20:24,Payment,672.56,Netflix,Branch
1176,1016,2023-02-16 00:39:08,Deposit,2559.07,,POS
1177,1028,2023-11-02 04:19:02,Deposit,708.73,,Online
1178,1005,2023-10-23 11:29:49,Withdrawal,44.81,,Branch
1179,1023,2023-03-24 03:02:52,Transfer,1044.01,,Online
1180,1039,2023-04-03 15:31:21,Withdrawal,143.85,,Online
1181,1033,2023-01-09 06:28:02,ATM Withdrawal,278.19,,Branch
1182,1003,2023-12-07 09:43:00,Transfer,34420.62,Netflix,ATM
1183,1003,2023-03-03 06:45:00,ATM Withdrawal,198.67,,Mobile App
1184,1054,2023-03-01 14:40:38,ATM Withdrawal,258.08,,Online
1185,1029,2023-09-13 18:18:21,Payment,464.31,Shell Gas Station,ATM
1186,1005,2023-08-31 05:36:13,Deposit,2637.67,,Mobile App
1187,1011,2023-03-03 08:48:12,Transfer,821.49,,Branch
1188,1052,2023-07-10 17:44:32,Transfer,1906.11,,Mobile App
1189,1057,2023-11-04 23:35:58,Deposit,4260.48,,Mobile App
1190,1024,2023-05-28 05:55:08,Payment,63.31,Pharmacy,ATM
1191,1041,2023-03-26 18:16:55,POS Purchase,67.12,Car Rental,Mobile App
1192,1018,2023-10-12 12:32:56,Payment,546.44,Airline Booking,ATM
1193,1047,2023-10-22 10:11:48,Transfer,2702.4,,Online
1194,1050,2023-02-12 10:00:30,POS Purchase,384.09,Starbucks,POS
1195,1005,2023-04-15 00:27:57,Withdrawal,413.78,,Mobile App
1196,1009,2023-06-27 04:13:57,Payment,634.38,Shell Gas Station,POS
1197,1012,2023-09-22 12:53:28,Transfer,372.27,,Branch
1198,1011,2023-02-25 16:11:04,Transfer,1539.09,,Online
1199,1030,2023-10-28 01:31:07,ATM Withdrawal,95.16,,Online
1200,1045,2023-05-09 20:10:58,Withdrawal,315.76,,POS
1201,1057,2023-04-18 02:22:58,ATM Withdrawal,249.21,,ATM
1202,1048,2023-06-23 02:20:30,ATM Withdrawal,159.53,,POS
1203,1009,2023-04-28 08:45:24,ATM Withdrawal,224.53,,Branch
1204,1043,2023-02-06 17:44:16,Transfer,2876.29,,Mobile App
1205,1016,2023-04-07 08:34:41,Deposit,4622.15,,Branch
1206,1026,2023-03-28 07:11:24,Payment,567.78,Restaurant,Online
1207,1055,2023-12-05 22:32:38,Withdrawal,306.05,,Branch
1208,1044,2023-01-31 11:27:42,Withdrawal,416.08,,Branch
1209,1014,2023-09-24 08:59:27,ATM Withdrawal,187.54,,Online
1210,1039,2023-05-19 04:31:26,Transfer,59.67,,Mobile App
1211,1027,2023-01-12 02:12:13,Deposit,788.86,,ATM
1212,1021,2023-06-06 11:38:23,Transfer,2663.37,,POS
1213,1034,2023-02-26 18:02:41,Payment,213.72,Best Buy,Branch
1214,1042,2023-01-15 20:31:02,Deposit,533.42,,Mobile App
1215,1052,2023-08-01 14:22:23,Payment,609.88,Utility Company,Mobile App
1216,1015,2023-10-25 20:05:09,ATM Withdrawal,86.38,,Mobile App
1217,1051,2023-09-23 16:34:13,Transfer,516.9,,ATM
1218,1040,2023-05-31 08:44:28,Withdrawal,99.4,,Branch
1219,1027,2023-01-09 11:51:24,Deposit,4573.57,,POS
1220,1055,2023-03-25 16:40:30,Payment,671.69,Local Grocery,ATM
1221,1050,2023-04-22 10:07:14,ATM Withdrawal,314.77,,ATM
1222,1014,2023-07-30 02:12:40,Transfer,2074.38,,Mobile App
1223,1025,2023-04-05 06:19:42,Transfer,232.96,,Mobile App
1224,1049,2023-02-01 03:09:21,POS Purchase,658.44,Gym Membership,POS
1225,1018,2023-03-14 11:59:51,Transfer,2762.17,,POS
1226,1026,2023-01-29 00:55:14,POS Purchase,278.33,Local Grocery,POS
1227,1028,2023-03-15 17:35:59,Deposit,827.97,,Branch
1228,1047,2023-03-02 02:59:35,POS Purchase,355.16,Uber,POS
1229,1030,2023-01-19 05:57:03,Payment,342.11,Netflix,ATM
1230,1043,2023-02-13 00:34:34,POS Purchase,50.66,Insurance Co,ATM
1231,1026,2023-11-26 01:56:46,Withdrawal,410.25,,ATM
1232,1026,2023-06-04 11:39:22,Payment,305.7,Uber,Branch
1233,1041,2023-09-19 09:11:36,Deposit,250.33,,ATM
1234,1004,2023-02-24 20:38:45,POS Purchase,283.01,Walmart,ATM
1235,1021,2023-09-25 21:03:58,ATM Withdrawal,194.59,,Online
1236,1025,2023-11-12 13:41:04,Payment,467.97,Electronics Store,POS
1237,1031,2023-09-22 11:45:10,Deposit,2519.2,,ATM
1238,1017,2023-08-04 02:21:00,Payment,698.32,Target,Branch
1239,1010,2023-01-18 06:55:55,POS Purchase,391.62,Car Rental,Branch
1240,1011,2023-12-31 12:36:48,Deposit,627.67,,Mobile App
1241,1004,2023-12-01 14:02:06,Deposit,4113.6,,Mobile App
1242,1048,2023-11-06 16:12:06,Deposit,465.25,,POS
1243,1029,2023-07-07 17:08:22,Transfer,467.91,,Branch
1244,1033,2023-03-24 15:37:34,Withdrawal,261.78,,Online
1245,1022,2023-02-22 10:06:54,Withdrawal,444.45,,Mobile App
1246,1017,2023-12-23 10:43:41,Payment,441.41,Electronics Store,Mobile App
1247,1027,2023-05-20 13:59:32,Deposit,108.49,,Online
1248,1016,2023-01-16 08:01:16,ATM Withdrawal,131.06,,Branch
1249,1008,2023-01-24 02:54:37,Transfer,2865.98,,POS
1250,1021,2023-12-22 05:17:19,Payment,161.89,Electronics Store,Mobile App
1251,1049,2023-07-20 00:26:25,Withdrawal,228.85,,Mobile App
1252,1009,2023-12-06 05:55:02,Payment,620.76,Amazon,ATM
1253,1028,2023-09-17 13:45:59,Deposit,3907.7,,Online
1254,1034,2023-11-27 22:53:24,Payment,417.67,Hotel Booking,ATM
1255,1007,2023-09-29 22:00:54,Deposit,3650.65,,POS
1256,1052,2023-05-31 08:15:44,Payment,121.36,Amazon,POS
1257,1042,2023-06-19 20:00:45,ATM Withdrawal,284.91,,POS
1258,1020,2023-09-14 19:01:07,Payment,337.83,Subscription Service,ATM
1259,1009,2023-10-04 19:55:47,Deposit,1671.35,,POS
1260,1044,2023-03-11 03:32:29,POS Purchase,790.78,Amazon,ATM
1261,1009,2023-04-22 03:08:30,Deposit,2888.05,,Mobile App
1262,1009,2023-08-17 02:00:43,Payment,477.12,Netflix,Mobile App
1263,1055,2023-06-26 03:17:58,Transfer,2773.79,,Online
1264,1037,2023-07-26 20:46:17,Transfer,737.15,,Branch
1265,1051,2023-11-04 08:53:30,POS Purchase,546.94,Netflix,Online
1266,1001,2023-06-15 07:02:56,Transfer,589.73,,ATM
1267,1022,2023-01-09 02:22:13,Payment,15.35,Hotel Booking,ATM
1268,1054,2023-05-05 00:36:57,Transfer,2575.9,,Mobile App
1269,1017,2023-05-30 21:29:11,ATM Withdrawal,430.78,,Online
1270,1009,2023-05-20 18:21:18,Transfer,2923.16,,POS
1271,1032,2023-04-24 21:28:47,Transfer,2271.71,,ATM
1272,1003,2023-04-18 06:04:37,Deposit,2667.92,,ATM
1273,1008,2023-08-09 22:36:37,ATM Withdrawal,426.08,,POS
1274,1033,2023-11-18 15:40:10,Withdrawal,82.87,,ATM
1275,1014,2023-02-28 22:18:00,Transfer,178.02,,ATM
1276,1033,2023-04-21 14:36:57,Withdrawal,264.13,,Online
1277,1023,2023-05-05 03:58:12,Deposit,338.54,,Branch
1278,1036,2023-06-23 09:40:31,Payment,319.09,Online Marketplace,Online
1279,1054,2023-04-21 08:11:52,Transfer,2034.71,,Mobile App
1280,1040,2023-04-06 11:07:22,POS Purchase,654.87,Insurance Co,Branch
1281,1021,2023-07-21 23:53:21,Payment,317.09,Electronics Store,ATM
1282,1045,2023-04-29 13:50:30,Withdrawal,54.59,,Mobile App
1283,1009,2023-01-17 00:03:00,ATM Withdrawal,316.75,,Mobile App
1284,1013,2023-12-30 22:35:00,Transfer,340.57,,Online
1285,1013,2023-08-14 01:39:15,Withdrawal,96.51,,POS
1286,1004,2023-06-17 02:25:16,Withdrawal,131.06,,Online
1287,1006,2023-11-09 08:10:20,POS Purchase,223.62,Insurance Co,Branch
1288,1033,2023-11-13 16:47:28,ATM Withdrawal,388.92,,Mobile App
1289,1041,2023-09-28 10:38:59,Payment,692.12,Uber,POS
1290,1046,2023-07-14 00:50:00,POS Purchase,333.63,Walmart,POS
1291,1030,2023-07-28 22:52:17,Withdrawal,230.21,,Online
1292,1024,2023-07-01 11:34:46,Withdrawal,398.23,,ATM
1293,1001,2023-09-17 21:18:38,Withdrawal,41.71,,Branch
1294,1043,2023-01-19 16:27:12,Deposit,4703.91,,Branch
1295,1039,2023-11-04 03:21:09,Deposit,2837.68,,ATM
1296,1041,2023-10-11 20:36:55,Deposit,3086.51,,Branch
1297,1024,2023-03-02 06:04:17,Transfer,755.29,,ATM
1298,1035,2023-12-10 21:32:05,Withdrawal,122.21,,Online
1299,1030,2023-08-09 21:38:11,Deposit,1451.37,,Mobile App
1300,1003,2023-02-13 17:49:02,Deposit,1239.63,,Online
1301,1017,2023-06-24 04:27:50,Transfer,1146.28,,Online
1302,1004,2023-06-18 06:11:41,POS Purchase,598.32,Walmart,ATM
1303,1034,2023-08-01 03:07:33,Payment,243.59,Insurance Co,Mobile App
1304,1034,2023-06-06 17:44:51,Withdrawal,370.94,,Online
1305,1037,2023-07-29 17:04:02,ATM Withdrawal,340.42,,Online
1306,1033,2023-12-23 15:49:01,Withdrawal,37.6,,Mobile App
1307,1052,2023-10-03 22:59:43,Deposit,310.13,,ATM
1308,1015,2023-01-22 03:36:51,ATM Withdrawal,499.95,,Mobile App
1309,1046,2023-07-14 03:37:00,POS Purchase,641.66,Starbucks,POS
1310,1007,2023-12-14 13:43:50,POS Purchase,777.65,Airline Booking,Branch
1311,1031,2023-03-01 10:25:15,ATM Withdrawal,136.91,,POS
1312,1032,2023-06-07 02:59:42,POS Purchase,389.79,Subscription Service,Branch
1313,1037,2023-03-01 00:25:21,Withdrawal,398.57,,ATM
1314,1030,2023-03-14 02:30:27,Withdrawal,32.07,,Branch
1315,1040,2023-03-12 05:41:21,ATM Withdrawal,147.29,,Mobile App
1316,1021,2023-11-19 03:16:28,Deposit,4150.57,,POS
1317,1032,2023-12-16 12:43:02,Payment,438.89,Best Buy,POS
1318,1015,2023-03-03 22:08:27,Deposit,4373.41,,POS
1319,1037,2023-06-21 12:14:39,Transfer,1361.68,,Mobile App
1320,1023,2023-12-01 20:59:30,POS Purchase,670.27,Electronics Store,ATM
1321,1008,2023-09-02 03:08:06,ATM Withdrawal,173.19,,Mobile App
1322,1036,2023-09-07 03:13:56,Withdrawal,129.97,,Online
1323,1025,2023-02-28 02:59:05,Withdrawal,180.97,,POS
1324,1049,2023-10-06 15:22:23,Deposit,2682.54,,POS
1325,1010,2023-10-28 00:50:24,Payment,434.75,Hotel Booking,ATM
1326,1035,2023-10-29 22:11:23,Transfer,2792.18,,Mobile App
1327,1048,2023-07-23 05:12:00,Transfer,26950.77,Airline Booking,POS
1328,1036,2023-01-14 03:53:03,Payment,687.66,Gym Membership,Mobile App
1329,1026,2023-05-07 00:16:32,Payment,652.25,Netflix,POS
1330,1030,2023-10-16 14:18:04,POS Purchase,652.55,Gym Membership,Branch
1331,1014,2023-06-14 06:42:57,Deposit,4577.87,,POS
1332,1023,2023-08-24 10:20:53,Withdrawal,417.81,,Branch
1333,1018,2023-01-26 13:14:42,Transfer,1355.1,,Mobile App
1334,1044,2023-10-18 12:04:05,Deposit,2752.81,,Mobile App
1335,1044,2023-05-01 12:54:14,Deposit,3077.33,,POS
1336,1025,2023-04-30 13:05:13,POS Purchase,330.25,Netflix,Branch
1337,1036,2023-04-07 10:46:28,Payment,635.53,Shell Gas Station,Online
1338,1029,2023-06-15 21:24:25,ATM Withdrawal,306.35,,Mobile App
1339,1026,2023-11-24 12:19:51,Payment,763.48,Airline Booking,POS
1340,1046,2023-12-14 13:29:36,Payment,789.83,Utility Company,Branch
1341,1008,2023-03-23 09:52:13,ATM Withdrawal,99.58,,Online
1342,1016,2023-05-25 16:41:06,Withdrawal,47.26,,Branch
1343,1024,2023-06-05 23:20:37,Withdrawal,212.96,,Branch
1344,1006,2023-12-29 04:28:06,Deposit,4369.3,,ATM
1345,1024,2023-04-30 13:10:05,POS Purchase,656.43,Utility Company,ATM
1346,1016,2023-03-31 01:55:26,Deposit,3102.68,,Mobile App
1347,1048,2023-04-30 07:51:15,Withdrawal,356.31,,POS
1348,1030,2023-12-31 05:22:17,Deposit,4278.39,,ATM
1349,1015,2023-09-14 08:22:36,POS Purchase,424.88,Netflix,Online
1350,1042,2023-07-19 19:46:19,ATM Withdrawal,322.92,,Branch
1351,1055,2023-09-08 04:27:17,ATM Withdrawal,273.71,,POS
1352,1009,2023-06-23 03:55:42,Transfer,2346.65,,POS
1353,1018,2023-01-27 06:34:41,Transfer,1986.15,,POS
1354,1056,2023-04-22 19:31:29,POS Purchase,779.92,Gym Membership,Mobile App
1355,1007,2023-02-13 16:00:10,Transfer,2533.08,,Branch
1356,1013,2023-10-15 11:07:21,POS Purchase,697.83,Electronics Store,Mobile App
1357,1052,2023-05-27 11:13:31,Transfer,772.76,,ATM
1358,1011,2023-09-02 03:40:23,Withdrawal,373.31,,Branch
1359,1027,2023-09-11 08:23:33,Deposit,2706.65,,ATM
1360,1004,2023-01-05 23:19:52,ATM Withdrawal,311.48,,ATM
1361,1043,2023-04-27 11:53:21,Deposit,677.4,,Branch
1362,1036,2023-11-07 13:42:38,Transfer,58.25,,Mobile App
1363,1029,2023-04-09 21:37:45,ATM Withdrawal,43.64,,Mobile App
1364,1018,2023-09-05 01:35:44,ATM Withdrawal,300.29,,Mobile App
1365,1055,2023-08-02 21:45:30,POS Purchase,608.46,Pharmacy,ATM
1366,1044,2023-08-18 08:32:29,Deposit,1167.95,,Branch
1367,1057,2023-09-11 08:18:38,ATM Withdrawal,469.7,,Branch
1368,1015,2023-02-15 01:54:28,Payment,156.7,Restaurant,Online
1369,1006,2023-01-25 20:54:23,Payment,446.37,Car Rental,Online
1370,1015,2023-04-03 06:35:47,Deposit,4202.87,,Online
1371,1039,2023-04-12 17:32:07,ATM Withdrawal,391.62,,Branch
1372,1021,2023-01-30 21:07:35,Payment,360.95,Online Marketplace,Branch
1373,1032,2023-09-19 11:32:31,Deposit,3853.39,,ATM
1374,1018,2023-11-02 15:11:00,ATM Withdrawal,404.34,,Mobile App
1375,1039,2023-03-06 09:13:37,Transfer,2799.86,,ATM
1376,1033,2023-07-31 03:48:14,Deposit,3773.45,,Mobile App
1377,1026,2023-08-25 04:35:13,Withdrawal,230.37,,Online
1378,1050,2023-02-04 11:36:59,Transfer,2549.12,,POS
1379,1022,2023-08-12 04:08:00,Deposit,2968.2,,Mobile App
1380,1057,2023-08-18 05:05:54,Deposit,3727.81,,Branch
1381,1045,2023-09-18 19:18:55,Deposit,3013.58,,Online
1382,1031,2023-04-05 11:00:27,Payment,408.69,Airline Booking,ATM
1383,1014,2023-08-28 15:05:47,ATM Withdrawal,374.72,,ATM
1384,1030,2023-04-15 15:46:21,Withdrawal,265.04,,POS
1385,1036,2023-07-29 19:04:31,POS Purchase,423.96,Uber,Mobile App
1386,1020,2023-12-09 12:25:05,Withdrawal,421.4,,ATM
1387,1017,2023-07-09 18:27:44,Deposit,336.76,,ATM
1388,1022,2023-02-04 18:46:46,Deposit,927.97,,Branch
1389,1044,2023-09-29 02:42:01,Withdrawal,435.12,,ATM
1390,1001,2023-12-21 06:43:31,Transfer,892.35,,Mobile App
1391,1013,2023-11-28 17:32:09,POS Purchase,162.85,Subscription Service,Online
1392,1004,2023-04-23 01:41:00,Withdrawal,18506.94,Restaurant,Branch
1393,1046,2023-09-17 08:20:34,POS Purchase,401.25,Insurance Co,Online
1394,1017,2023-09-10 15:58:04,Transfer,2566.87,,Branch
1395,1032,2023-04-23 08:17:47,POS Purchase,201.99,Airline Booking,Mobile App
1396,1017,2023-09-19 02:42:13,Transfer,285.82,,Mobile App
1397,1001,2023-01-09 09:29:04,POS Purchase,774.65,Insurance Co,ATM
1398,1017,2023-06-10 16:09:00,ATM Withdrawal,254.61,,Branch
1399,1008,2023-08-26 00:09:16,POS Purchase,591.9,Amazon,Branch
1400,1030,2023-07-11 16:30:15,ATM Withdrawal,265.2,,Mobile App
1401,1007,2023-12-02 14:11:14,Deposit,3255.7,,Online
1402,1012,2023-06-03 05:34:19,Withdrawal,200.96,,Branch
1403,1015,2023-01-24 20:09:46,ATM Withdrawal,204.53,,Online
1404,1023,2023-02-07 11:04:09,POS Purchase,94.73,Gym Membership,POS
1405,1025,2023-01-16 06:20:07,POS Purchase,576.1,Restaurant,Mobile App
1406,1003,2023-12-01 08:25:41,Withdrawal,287.51,,Mobile App
1407,1008,2023-08-28 09:48:35,ATM Withdrawal,420.2,,ATM
1408,1044,2023-02-08 03:10:28,Transfer,1712.56,,Mobile App
1409,1057,2023-04-23 00:06:08,Withdrawal,171.48,,ATM
1410,1034,2023-06-22 02:08:03,ATM Withdrawal,40.67,,ATM
1411,1034,2023-02-24 13:59:14,Payment,775.2,Electronics Store,Mobile App
1412,1030,2023-12-16 06:46:28,Transfer,1392.29,,Online
1413,1048,2023-06-08 19:23:33,Transfer,1013.4,,Online
1414,1029,2023-06-04 02:40:24,POS Purchase,501.59,Insurance Co,Branch
1415,1056,2023-09-23 02:59:57,POS Purchase,175.22,Restaurant,Mobile App
1416,1030,2023-11-22 11:44:01,Transfer,1058.21,,Mobile App
1417,1001,2023-07-15 02:30:58,ATM Withdrawal,42.44,,Branch
1418,1045,2023-04-25 23:56:06,Withdrawal,175.28,,Online
1419,1010,2023-06-27 17:05:34,POS Purchase,390.39,Pharmacy,Branch
1420,1052,2023-09-15 11:11:57,Transfer,216.17,,ATM
1421,1046,2023-10-15 19:53:00,Withdrawal,314.61,,POS
1422,1020,2023-11-09 02:00:50,Payment,34.99,Online Marketplace,ATM
1423,1009,2023-04-19 01:42:40,Payment,502.1,Shell Gas Station,Online
1424,1024,2023-03-02 15:30:59,Withdrawal,224.4,,Online
1425,1042,2023-05-25 17:58:34,Withdrawal,287.51,,Online
1426,1046,2023-07-14 04:04:00,POS Purchase,386.89,Subscription Service,POS
1427,1025,2023-01-15 02:51:00,Withdrawal,139.48,,Branch
1428,1022,2023-07-11 02:40:17,ATM Withdrawal,73.94,,Mobile App
1429,1029,2023-12-14 09:03:38,POS Purchase,590.87,Netflix,ATM
1430,1037,2023-10-20 13:40:10,Withdrawal,303.67,,POS
1431,1026,2023-02-21 07:50:47,POS Purchase,642.37,Target,ATM
1432,1030,2023-07-15 16:43:31,Transfer,2025.98,,Mobile App
1433,1016,2023-05-02 22:01:13,Deposit,1081.7,,POS
1434,1044,2023-08-01 22:49:51,POS Purchase,466.9,Online Marketplace,Online
1435,1008,2023-08-03 07:50:25,ATM Withdrawal,95.1,,Mobile App
1436,1037,2023-05-21 17:52:31,Transfer,2628.27,,Mobile App
1437,1046,2023-07-14 02:27:00,POS Purchase,452.17,Hotel Booking,POS
1438,1026,2023-01-21 01:20:14,Transfer,834.63,,ATM
1439,1029,2023-09-27 13:49:36,ATM Withdrawal,384.09,,Mobile App
1440,1013,2023-08-04 20:10:33,Transfer,662.99,,Branch
1441,1021,2023-02-24 12:35:00,Payment,18496.87,Insurance Co,Online
1442,1010,2023-05-28 04:51:56,POS Purchase,121.86,Hotel Booking,Mobile App
1443,1012,2023-02-27 09:22:41,Withdrawal,305.26,,POS
1444,1027,2023-10-06 10:26:49,ATM Withdrawal,115.46,,Branch
1445,1043,2023-10-31 21:56:45,Withdrawal,492.56,,Online
1446,1014,2023-02-16 17:54:17,ATM Withdrawal,204.71,,POS
1447,1003,2023-07-16 13:47:33,Withdrawal,182.34,,Online
1448,1056,2023-02-18 12:16:27,ATM Withdrawal,486.01,,ATM
1449,1036,2023-03-31 17:49:18,Transfer,848.63,,Mobile App
1450,1008,2023-08-03 13:40:44,ATM Withdrawal,147.28,,Branch
1451,1053,2023-12-29 11:59:35,Withdrawal,224.89,,Online
1452,1053,2023-02-10 13:03:01,Deposit,4062.79,,Online
1453,1042,2023-08-30 14:29:54,Transfer,337.73,,POS
1454,1052,2023-06-24 05:42:30,Payment,109.79,Utility Company,Branch
1455,1049,2023-07-05 21:47:31,Deposit,1807.45,,POS
1456,1030,2023-05-26 16:02:21,Deposit,3738.23,,Branch
1457,1037,2023-02-15 20:14:19,Payment,166.22,Restaurant,POS
1458,1048,2023-07-03 12:23:54,Deposit,3189.26,,Mobile App
1459,1044,2023-06-26 04:41:55,Transfer,2801.37,,Branch
1460,1005,2023-09-05 10:03:38,ATM Withdrawal,454.03,,POS
1461,1057,2023-12-20 02:27:33,Deposit,1489.68,,Branch
1462,1023,2023-04-06 04:51:33,Withdrawal,175.17,,POS
1463,1015,2023-01-26 06:31:27,Payment,585.95,Airline Booking,POS
1464,1014,2023-12-13 21:09:38,Payment,672.39,Pharmacy,Branch
1465,1057,2023-09-10 11:58:04,POS Purchase,703.3,Starbucks,Online
1466,1040,2023-06-19 23:04:20,POS Purchase,20.05,Local Grocery,Mobile App
1467,1032,2023-05-21 09:19:43,Withdrawal,316.02,,POS
1468,1017,2023-06-21 16:03:26,POS Purchase,761.78,Local Grocery,Online
1469,1015,2023-07-04 16:15:36,Payment,320.09,Uber,Branch
1470,1011,2023-03-17 21:36:29,ATM Withdrawal,475.13,,Online
1471,1031,2023-06-09 14:55:13,ATM Withdrawal,64.88,,Online
1472,1021,2023-06-19 14:17:18,Transfer,2142.39,,Mobile App
1473,1045,2023-02-06 03:49:56,Deposit,4089.53,,Mobile App
1474,1025,2023-06-28 10:18:26,ATM Withdrawal,144.09,,Online
1475,1035,2023-11-08 09:19:05,Transfer,2760.96,,Mobile App
1476,1021,2023-12-05 17:51:15,Deposit,3173.02,,Mobile App
1477,1028,2023-03-26 05:57:09,Transfer,1982.93,,Mobile App
1478,1051,2023-02-01 10:56:39,POS Purchase,170.22,Subscription Service,Mobile App
1479,1049,2023-05-28 05:13:59,Deposit,1844.77,,Online
1480,1008,2023-04-19 05:08:59,Deposit,3208.06,,Mobile App
1481,1045,2023-09-08 15:04:04,Withdrawal,485.76,,Mobile App
1482,1052,2023-04-07 05:02:58,Deposit,4857.23,,Branch
1483,1024,2023-03-16 12:51:56,Transfer,2579.08,,ATM
1484,1021,2023-06-27 04:12:33,Deposit,3717.89,,Branch
1485,1013,2023-12-09 00:12:11,Payment,616.33,Car Rental,ATM
1486,1054,2023-07-22 19:33:43,Payment,147.39,Car Rental,ATM
1487,1020,2023-06-09 09:51:04,ATM Withdrawal,65.92,,POS
1488,1005,2023-08-17 16:28:11,Deposit,4932.07,,Mobile App
1489,1046,2023-08-29 00:33:22,Transfer,207.96,,Mobile App
1490,1013,2023-08-20 21:08:45,Transfer,1349.02,,ATM
1491,1043,2023-08-28 00:18:21,Transfer,2324.08,,Online
1492,1053,2023-10-01 02:18:26,ATM Withdrawal,436.33,,Online
1493,1055,2023-01-26 15:06:08,POS Purchase,598.96,Utility Company,Online
1494,1013,2023-12-17 18:20:09,ATM Withdrawal,152.21,,Online
1495,1031,2023-03-23 03:16:48,ATM Withdrawal,496.64,,Online
1496,1036,2023-03-31 14:04:04,Payment,29.55,Gym Membership,Mobile App
1497,1055,2023-05-25 15:18:04,POS Purchase,41.12,Car Rental,Branch
1498,1045,2023-02-23 11:15:59,POS Purchase,339.76,Electronics Store,ATM
1499,1032,2023-03-30 02:41:11,ATM Withdrawal,409.4,,POS
1500,1024,2023-12-09 22:01:36,Transfer,753.38,,Online
1501,1032,2023-02-03 02:01:39,ATM Withdrawal,96.65,,ATM
1502,1046,2023-01-17 18:58:15,Deposit,4291.7,,ATM
1503,1009,2023-05-30 11:52:31,Payment,270.31,Local Grocery,POS
1504,1041,2023-02-14 07:49:02,Deposit,1814.63,,Branch
1505,1011,2023-09-20 01:40:57,ATM Withdrawal,288.77,,ATM
1506,1035,2023-10-31 11:25:10,Withdrawal,492.21,,ATM
1507,1045,2023-10-08 03:13:30,Deposit,2577.08,,ATM
1508,1054,2023-09-02 11:35:56,Payment,452.64,Insurance Co,Mobile App
1509,1028,2023-01-21 23:31:54,ATM Withdrawal,64.72,,Branch
1510,1003,2023-02-20 02:19:33,POS Purchase,157.4,Local Grocery,Branch
1511,1055,2023-09-25 05:14:33,Payment,7.85,Walmart,Mobile App
1512,1048,2023-03-04 14:48:15,Transfer,2571.64,,Online
1513,1026,2023-04-27 11:04:39,Deposit,357.45,,Mobile App
1514,1012,2023-06-09 17:39:27,POS Purchase,661.41,Utility Company,Mobile App
1515,1014,2023-06-01 11:11:40,POS Purchase,677.35,Shell Gas Station,Online
1516,1020,2023-10-06 21:56:45,Deposit,3940.82,,ATM
1517,1036,2023-08-11 06:51:18,POS Purchase,547.9,Walmart,POS
1518,1015,2023-10-17 18:26:23,Payment,526.92,Netflix,ATM
1519,1009,2023-04-03 20:23:40,ATM Withdrawal,312.64,,ATM
1520,1054,2023-05-01 20:20:59,Deposit,4020.01,,Online
1521,1025,2023-04-08 22:28:51,Payment,634.06,Target,POS
1522,1025,2023-11-13 01:06:49,Payment,74.85,Local Grocery,Branch
1523,1057,2023-04-07 22:40:32,Payment,641.71,Gym Membership,ATM
1524,1031,2023-05-29 17:13:14,Payment,289.43,Electronics Store,POS
1525,1028,2023-06-17 22:44:40,Withdrawal,97.77,,Branch
1526,1008,2023-01-01 16:12:18,Deposit,2505.03,,Mobile App
1527,1025,2023-09-25 23:19:03,POS Purchase,255.82,Airline Booking,Online
1528,1003,2023-03-09 19:52:40,POS Purchase,227.26,Uber,ATM
1529,1011,2023-02-09 19:55:23,ATM Withdrawal,234.68,,Online
1530,1023,2023-06-05 12:26:44,ATM Withdrawal,494.87,,Online
1531,1046,2023-03-10 19:49:54,ATM Withdrawal,24.7,,Branch
1532,1039,2023-11-07 04:01:33,Payment,353.64,Subscription Service,ATM
1533,1043,2023-02-24 14:13:59,Deposit,1224.76,,Branch
1534,1015,2023-02-28 23:55:22,Withdrawal,423.91,,Online
1535,1030,2023-07-04 23:41:13,Withdrawal,227.44,,ATM
1536,1022,2023-08-23 20:48:08,Payment,223.67,Walmart,Mobile App
1537,1006,2023-12-14 10:57:24,Withdrawal,146.88,,POS
1538,1047,2023-04-27 05:10:18,Payment,293.9,Pharmacy,Online
1539,1006,2023-05-11 16:58:30,Withdrawal,315.62,,Branch
1540,1029,2023-02-19 17:31:26,Payment,437.15,Amazon,Online
1541,1011,2023-04-02 01:17:07,Payment,397.41,Online Marketplace,ATM
1542,1037,2023-09-13 18:32:13,ATM Withdrawal,96.4,,ATM
1543,1052,2023-04-28 01:05:18,Payment,508.56,Netflix,POS
1544,1055,2023-01-31 21:16:12,POS Purchase,748.41,Gym Membership,ATM
1545,1011,2023-11-25 19:17:58,ATM Withdrawal,321.56,,Online
1546,1045,2023-08-24 04:30:00,Withdrawal,397.79,,ATM
1547,1005,2023-09-11 17:30:04,Payment,85.6,Pharmacy,POS
1548,1044,2023-12-26 07:19:02,Transfer,1741.07,,Mobile App
1549,1056,2023-05-29 00:45:23,Deposit,3397.16,,Mobile App
1550,1024,2023-12-03 16:37:43,Transfer,2889.01,,Branch
1551,1016,2023-02-18 06:49:27,ATM Withdrawal,67.52,,ATM
1552,1039,2023-08-25 15:17:51,Transfer,1658.11,,Online
1553,1040,2023-07-26 15:25:09,Transfer,1305.2,,ATM
1554,1049,2023-12-04 11:12:00,Withdrawal,35595.71,Shell Gas Station,Branch
1555,1040,2023-11-16 05:40:32,Transfer,1371.41,,ATM
1556,1026,2023-03-13 23:55:43,POS Purchase,523.7,Walmart,POS
1557,1024,2023-03-21 19:51:16,POS Purchase,366.06,Hotel Booking,POS
1558,1021,2023-04-05 12:17:21,Withdrawal,127.62,,POS
1559,1008,2023-08-26 14:44:49,Transfer,421.87,,Mobile App
1560,1012,2023-07-30 17:37:07,Payment,321.01,Car Rental,Branch
